datetime,P1,P2,P3,P4,P5,P6
2022-03-18 00:00:19,0.02,0.0525,-5.0,158.0,745.0,2.69
2022-03-18 00:01:19,0.02,0.0526,-4.0,158.0,746.0,2.69
2022-03-18 00:02:19,0.02,0.0525,-5.0,158.0,745.0,2.69
2022-03-18 00:03:20,0.02,0.0526,-4.0,158.0,745.0,2.68
2022-03-18 00:04:20,0.02,0.0526,-5.0,158.0,745.0,2.69
2022-03-18 00:05:20,0.02,0.0525,-5.0,158.0,745.0,2.68
2022-03-18 00:06:21,0.02,0.0526,-4.0,158.0,745.0,2.69
2022-03-18 00:07:21,0.02,0.0526,-5.0,158.0,745.0,2.71
2022-03-18 00:08:22,0.02,0.0526,-5.0,158.0,745.0,2.71
2022-03-18 00:09:22,0.02,0.0526,-5.0,158.0,745.0,2.68
2022-03-18 00:10:22,0.02,0.0526,-4.0,158.0,745.0,2.7
2022-03-18 00:11:23,0.02,0.0526,-4.0,158.0,745.0,2.69
2022-03-18 00:12:23,0.02,0.0526,-5.0,158.0,745.0,2.69
2022-03-18 00:13:24,0.02,0.0527,-5.0,158.0,744.0,2.7
2022-03-18 00:14:24,0.02,0.0527,-5.0,158.0,744.0,2.71
2022-03-18 00:15:24,0.02,0.0526,-4.0,157.0,745.0,2.7
2022-03-18 00:16:25,0.02,0.0526,-4.0,158.0,744.0,2.7
2022-03-18 00:17:25,0.02,0.0527,-5.0,158.0,745.0,2.68
2022-03-18 00:18:26,0.02,0.0527,-4.0,158.0,746.0,2.71
2022-03-18 00:19:26,0.02,0.0527,-5.0,158.0,745.0,2.69
2022-03-18 00:20:27,0.02,0.0527,-4.0,158.0,744.0,2.68
2022-03-18 00:21:27,0.02,0.0527,-5.0,157.0,745.0,2.7
2022-03-18 00:22:27,0.02,0.0528,-5.0,158.0,745.0,2.71
2022-03-18 00:23:28,0.02,0.0528,-4.0,158.0,743.0,2.69
2022-03-18 00:24:28,0.02,0.0528,-5.0,158.0,745.0,2.7
2022-03-18 00:25:28,0.02,0.0528,-4.0,158.0,745.0,2.71
2022-03-18 00:26:29,0.02,0.0529,-4.0,157.0,745.0,2.68
2022-03-18 00:27:29,0.02,0.0528,-4.0,157.0,745.0,2.7
2022-03-18 00:28:30,0.02,0.0528,-4.0,158.0,744.0,2.7
2022-03-18 00:29:30,0.02,0.0529,-4.0,158.0,745.0,2.69
2022-03-18 00:30:31,0.02,0.0529,-5.0,157.0,744.0,2.69
2022-03-18 00:31:31,0.02,0.0529,-4.0,158.0,744.0,2.69
2022-03-18 00:32:32,0.02,0.0529,-4.0,158.0,744.0,2.69
2022-03-18 00:33:32,0.02,0.0529,-4.0,158.0,745.0,2.7
2022-03-18 00:34:33,0.02,0.0529,-4.0,157.0,744.0,2.69
2022-03-18 00:35:33,0.02,0.0529,-5.0,158.0,744.0,2.69
2022-03-18 00:36:34,0.02,0.0529,-4.0,157.0,744.0,2.7
2022-03-18 00:37:34,0.02,0.0529,-4.0,158.0,744.0,2.69
2022-03-18 00:38:34,0.02,0.053,-5.0,158.0,744.0,2.7
2022-03-18 00:39:35,0.02,0.0529,-5.0,158.0,745.0,2.69
2022-03-18 00:40:35,0.02,0.0529,-4.0,157.0,744.0,2.7
2022-03-18 00:41:35,0.02,0.0529,-5.0,158.0,745.0,2.67
2022-03-18 00:42:36,0.02,0.053,-4.0,157.0,745.0,2.69
2022-03-18 00:43:36,0.02,0.0529,-4.0,158.0,745.0,2.68
2022-03-18 00:44:37,0.02,0.053,-5.0,157.0,744.0,2.67
2022-03-18 00:45:37,0.02,0.0529,-4.0,158.0,745.0,2.69
2022-03-18 00:46:38,0.02,0.0529,-4.0,158.0,745.0,2.7
2022-03-18 00:47:38,0.02,0.0529,-4.0,158.0,745.0,2.67
2022-03-18 00:48:39,0.02,0.053,-4.0,158.0,745.0,2.69
2022-03-18 00:49:39,0.02,0.0529,-4.0,158.0,745.0,2.7
2022-03-18 00:50:40,0.02,0.0529,-4.0,157.0,744.0,2.69
2022-03-18 00:51:40,0.02,0.0529,-4.0,158.0,744.0,2.69
2022-03-18 00:52:40,0.02,0.0529,-5.0,158.0,745.0,2.69
2022-03-18 00:53:41,0.02,0.053,-5.0,158.0,743.0,2.69
2022-03-18 00:54:41,0.02,0.053,-4.0,158.0,744.0,2.68
2022-03-18 00:55:42,0.02,0.0531,-4.0,158.0,745.0,2.7
2022-03-18 00:56:42,0.02,0.053,-4.0,158.0,744.0,2.68
2022-03-18 00:57:42,0.02,0.0529,-4.0,158.0,745.0,2.69
2022-03-18 00:58:43,0.02,0.053,-5.0,157.0,745.0,2.69
2022-03-18 00:59:43,0.02,0.0529,-4.0,158.0,744.0,2.7
2022-03-18 01:00:44,0.02,0.0529,-4.0,158.0,745.0,2.7
2022-03-18 01:01:44,0.02,0.053,-5.0,157.0,744.0,2.7
2022-03-18 01:02:44,0.02,0.053,-4.0,158.0,745.0,2.69
2022-03-18 01:03:45,0.02,0.053,-4.0,158.0,744.0,2.69
2022-03-18 01:04:45,0.02,0.0529,-4.0,158.0,744.0,2.69
2022-03-18 01:05:46,0.02,0.0529,-4.0,158.0,744.0,2.68
2022-03-18 01:06:46,0.02,0.0529,-5.0,157.0,744.0,2.69
2022-03-18 01:07:46,0.02,0.0529,-4.0,158.0,744.0,2.69
2022-03-18 01:08:47,0.02,0.0529,-4.0,158.0,745.0,2.68
2022-03-18 01:09:47,0.02,0.0529,-5.0,157.0,744.0,2.69
2022-03-18 01:10:47,0.02,0.0529,-4.0,157.0,744.0,2.67
2022-03-18 01:11:48,0.02,0.053,-5.0,157.0,745.0,2.69
2022-03-18 01:12:48,0.02,0.053,-4.0,158.0,744.0,2.69
2022-03-18 01:13:49,0.02,0.053,-4.0,158.0,745.0,2.68
2022-03-18 01:14:49,0.02,0.053,-4.0,158.0,745.0,2.69
2022-03-18 01:15:50,0.02,0.053,-4.0,158.0,744.0,2.69
2022-03-18 01:16:50,0.02,0.053,-4.0,158.0,745.0,2.68
2022-03-18 01:17:50,0.02,0.053,-4.0,158.0,744.0,2.69
2022-03-18 01:18:51,0.02,0.053,-4.0,158.0,744.0,2.69
2022-03-18 01:19:51,0.02,0.0531,-5.0,158.0,744.0,2.7
2022-03-18 01:20:52,0.02,0.053,-4.0,158.0,745.0,2.7
2022-03-18 01:21:52,0.02,0.0531,-4.0,157.0,745.0,2.7
2022-03-18 01:22:52,0.02,0.0531,-4.0,157.0,744.0,2.69
2022-03-18 01:23:53,0.02,0.0531,-4.0,158.0,744.0,2.68
2022-03-18 01:24:53,0.02,0.0531,-4.0,158.0,744.0,2.68
2022-03-18 01:25:54,0.02,0.0531,-5.0,157.0,744.0,2.68
2022-03-18 01:26:54,0.02,0.0532,-4.0,158.0,745.0,2.68
2022-03-18 01:27:54,0.02,0.0532,-4.0,157.0,745.0,2.7
2022-03-18 01:28:55,0.02,0.0532,-4.0,157.0,745.0,2.69
2022-03-18 01:29:55,0.02,0.0532,-5.0,158.0,744.0,2.67
2022-03-18 01:30:56,0.02,0.0533,-4.0,157.0,743.0,2.67
2022-03-18 01:31:56,0.02,0.0533,-4.0,158.0,745.0,2.69
2022-03-18 01:32:57,0.02,0.0533,-4.0,158.0,744.0,2.69
2022-03-18 01:33:57,0.02,0.0533,-4.0,158.0,745.0,2.69
2022-03-18 01:34:57,0.02,0.0533,-4.0,158.0,744.0,2.68
2022-03-18 01:35:58,0.02,0.0533,-4.0,157.0,744.0,2.69
2022-03-18 01:36:58,0.02,0.0533,-4.0,157.0,745.0,2.68
2022-03-18 01:37:58,0.02,0.0533,-4.0,158.0,743.0,2.69
2022-03-18 01:38:59,0.02,0.0533,-4.0,158.0,744.0,2.68
2022-03-18 01:39:59,0.02,0.0533,-4.0,158.0,745.0,2.69
2022-03-18 01:41:00,0.02,0.0533,-4.0,158.0,744.0,2.69
2022-03-18 01:42:00,0.02,0.0533,-4.0,157.0,745.0,2.69
2022-03-18 01:43:00,0.02,0.0533,-4.0,158.0,745.0,2.68
2022-03-18 01:44:01,0.02,0.0534,-4.0,158.0,744.0,2.69
2022-03-18 01:45:01,0.02,0.0534,-4.0,158.0,744.0,2.7
2022-03-18 01:46:02,0.02,0.0534,-5.0,158.0,745.0,2.68
2022-03-18 01:47:02,0.02,0.0534,-4.0,157.0,745.0,2.7
2022-03-18 01:48:03,0.02,0.0534,-5.0,157.0,744.0,2.68
2022-03-18 01:49:03,0.02,0.0534,-5.0,158.0,744.0,2.68
2022-03-18 01:50:03,0.02,0.0534,-4.0,158.0,745.0,2.69
2022-03-18 01:51:04,0.02,0.0534,-4.0,157.0,745.0,2.68
2022-03-18 01:52:04,0.02,0.0534,-4.0,157.0,745.0,2.69
2022-03-18 01:53:05,0.02,0.0534,-4.0,157.0,745.0,2.7
2022-03-18 01:54:05,0.02,0.0534,-5.0,158.0,744.0,2.7
2022-03-18 01:55:05,0.02,0.0534,-4.0,158.0,745.0,2.68
2022-03-18 01:56:06,0.02,0.0534,-4.0,158.0,744.0,2.69
2022-03-18 01:57:06,0.02,0.0535,-4.0,157.0,745.0,2.67
2022-03-18 01:58:07,0.02,0.0534,-4.0,158.0,744.0,2.68
2022-03-18 01:59:07,0.02,0.0534,-4.0,157.0,744.0,2.69
2022-03-18 02:00:07,0.02,0.0534,-4.0,158.0,744.0,2.68
2022-03-18 02:01:08,0.02,0.0535,-4.0,158.0,744.0,2.67
2022-03-18 02:02:08,0.02,0.0534,-4.0,158.0,744.0,2.69
2022-03-18 02:03:08,0.02,0.0534,-4.0,158.0,745.0,2.67
2022-03-18 02:04:09,0.02,0.0534,-4.0,157.0,745.0,2.69
2022-03-18 02:05:09,0.02,0.0534,-4.0,158.0,744.0,2.7
2022-03-18 02:06:10,0.02,0.0535,-4.0,158.0,745.0,2.69
2022-03-18 02:07:10,0.02,0.0534,-4.0,157.0,744.0,2.68
2022-03-18 02:08:10,0.02,0.0534,-4.0,157.0,745.0,2.69
2022-03-18 02:09:11,0.02,0.0534,-4.0,158.0,744.0,2.68
2022-03-18 02:10:11,0.02,0.0534,-4.0,158.0,744.0,2.67
2022-03-18 02:11:12,0.02,0.0534,-4.0,157.0,744.0,2.68
2022-03-18 02:12:12,0.02,0.0535,-4.0,157.0,745.0,2.69
2022-03-18 02:13:13,0.02,0.0535,-4.0,158.0,744.0,2.68
2022-03-18 02:14:13,0.02,0.0534,-4.0,158.0,744.0,2.67
2022-03-18 02:15:13,0.02,0.0535,-4.0,157.0,745.0,2.7
2022-03-18 02:16:14,0.02,0.0535,-4.0,157.0,745.0,2.69
2022-03-18 02:17:14,0.02,0.0535,-4.0,158.0,744.0,2.69
2022-03-18 02:18:14,0.02,0.0535,-4.0,157.0,745.0,2.68
2022-03-18 02:19:15,0.02,0.0535,-4.0,158.0,744.0,2.67
2022-03-18 02:20:15,0.02,0.0535,-4.0,158.0,745.0,2.67
2022-03-18 02:21:16,0.02,0.0535,-4.0,158.0,746.0,2.68
2022-03-18 02:22:16,0.02,0.0535,-5.0,157.0,744.0,2.69
2022-03-18 02:23:16,0.02,0.0535,-4.0,158.0,744.0,2.68
2022-03-18 02:24:17,0.02,0.0535,-4.0,158.0,744.0,2.66
2022-03-18 02:25:17,0.02,0.0535,-5.0,158.0,744.0,2.68
2022-03-18 02:26:18,0.02,0.0535,-5.0,157.0,745.0,2.69
2022-03-18 02:27:18,0.02,0.0535,-4.0,157.0,745.0,2.69
2022-03-18 02:28:18,0.02,0.0535,-4.0,158.0,744.0,2.67
2022-03-18 02:29:19,0.02,0.0535,-4.0,158.0,745.0,2.67
2022-03-18 02:30:19,0.02,0.0536,-4.0,157.0,744.0,2.69
2022-03-18 02:31:20,0.02,0.0536,-4.0,158.0,745.0,2.69
2022-03-18 02:32:20,0.02,0.0536,-4.0,158.0,745.0,2.69
2022-03-18 02:33:20,0.02,0.0536,-4.0,158.0,744.0,2.68
2022-03-18 02:34:21,0.02,0.0536,-4.0,158.0,744.0,2.68
2022-03-18 02:35:21,0.02,0.0536,-4.0,158.0,744.0,2.68
2022-03-18 02:36:22,0.02,0.0537,-4.0,158.0,745.0,2.68
2022-03-18 02:37:22,0.02,0.0538,-4.0,157.0,744.0,2.69
2022-03-18 02:38:22,0.02,0.0537,-4.0,157.0,744.0,2.68
2022-03-18 02:39:23,0.02,0.0537,-5.0,158.0,745.0,2.67
2022-03-18 02:40:23,0.02,0.0538,-4.0,158.0,744.0,2.68
2022-03-18 02:41:24,0.02,0.0537,-4.0,158.0,745.0,2.66
2022-03-18 02:42:24,0.02,0.0538,-4.0,157.0,745.0,2.67
2022-03-18 02:43:24,0.02,0.0538,-4.0,157.0,745.0,2.69
2022-03-18 02:44:25,0.02,0.0538,-4.0,158.0,745.0,2.67
2022-03-18 02:45:25,0.02,0.0538,-4.0,158.0,745.0,2.67
2022-03-18 02:46:26,0.02,0.0538,-4.0,157.0,744.0,2.68
2022-03-18 02:47:26,0.02,0.0538,-4.0,158.0,745.0,2.7
2022-03-18 02:48:26,0.02,0.0538,-4.0,158.0,745.0,2.68
2022-03-18 02:49:27,0.02,0.0538,-4.0,158.0,745.0,2.67
2022-03-18 02:50:27,0.02,0.0539,-4.0,158.0,745.0,2.68
2022-03-18 02:51:27,0.02,0.0538,-4.0,158.0,744.0,2.67
2022-03-18 02:52:28,0.02,0.0539,-5.0,158.0,744.0,2.69
2022-03-18 02:53:28,0.02,0.0539,-4.0,158.0,745.0,2.68
2022-03-18 02:54:28,0.02,0.0539,-4.0,157.0,745.0,2.67
2022-03-18 02:55:29,0.02,0.0539,-4.0,158.0,744.0,2.67
2022-03-18 02:56:29,0.02,0.0538,-4.0,157.0,744.0,2.68
2022-03-18 02:57:29,0.02,0.0539,-4.0,157.0,744.0,2.67
2022-03-18 02:58:30,0.02,0.0538,-4.0,158.0,745.0,2.68
2022-03-18 02:59:30,0.02,0.0539,-4.0,157.0,744.0,2.66
2022-03-18 03:00:31,0.02,0.0539,-4.0,158.0,745.0,2.67
2022-03-18 03:01:31,0.02,0.0538,-4.0,158.0,744.0,2.68
2022-03-18 03:02:31,0.02,0.0539,-4.0,158.0,744.0,2.69
2022-03-18 03:03:32,0.02,0.0538,-5.0,158.0,745.0,2.69
2022-03-18 03:04:32,0.02,0.0538,-5.0,157.0,743.0,2.67
2022-03-18 03:05:33,0.02,0.0538,-4.0,157.0,745.0,2.67
2022-03-18 03:06:33,0.02,0.0539,-4.0,157.0,745.0,2.68
2022-03-18 03:07:34,0.02,0.0539,-4.0,158.0,744.0,2.68
2022-03-18 03:08:34,0.02,0.0539,-5.0,157.0,745.0,2.68
2022-03-18 03:09:34,0.02,0.0539,-4.0,158.0,745.0,2.69
2022-03-18 03:10:35,0.02,0.0538,-4.0,157.0,745.0,2.68
2022-03-18 03:11:35,0.02,0.0539,-4.0,158.0,745.0,2.68
2022-03-18 03:12:36,0.02,0.0539,-4.0,158.0,745.0,2.67
2022-03-18 03:13:36,0.02,0.0539,-4.0,157.0,744.0,2.69
2022-03-18 03:14:36,0.02,0.0539,-4.0,157.0,745.0,2.67
2022-03-18 03:15:37,0.02,0.0539,-4.0,158.0,744.0,2.67
2022-03-18 03:16:37,0.02,0.0539,-4.0,158.0,745.0,2.68
2022-03-18 03:17:38,0.02,0.0539,-4.0,157.0,745.0,2.69
2022-03-18 03:18:38,0.02,0.0539,-4.0,157.0,745.0,2.68
2022-03-18 03:19:38,0.02,0.0539,-4.0,158.0,744.0,2.69
2022-03-18 03:20:38,0.02,0.0539,-4.0,157.0,745.0,2.69
2022-03-18 03:21:39,0.02,0.0539,-4.0,158.0,745.0,2.67
2022-03-18 03:22:39,0.02,0.054,-4.0,158.0,744.0,2.68
2022-03-18 03:23:40,0.02,0.0539,-4.0,157.0,745.0,2.69
2022-03-18 03:24:40,0.02,0.0539,-4.0,157.0,744.0,2.68
2022-03-18 03:25:41,0.02,0.0539,-4.0,158.0,744.0,2.68
2022-03-18 03:26:41,0.02,0.0541,-4.0,158.0,745.0,2.68
2022-03-18 03:27:41,0.02,0.054,-4.0,158.0,744.0,2.68
2022-03-18 03:28:42,0.02,0.0539,-4.0,157.0,745.0,2.67
2022-03-18 03:29:42,0.02,0.054,-4.0,157.0,745.0,2.68
2022-03-18 03:30:43,0.02,0.054,-4.0,158.0,745.0,2.67
2022-03-18 03:31:43,0.02,0.054,-4.0,157.0,745.0,2.68
2022-03-18 03:32:44,0.02,0.0539,-4.0,157.0,744.0,2.69
2022-03-18 03:33:44,0.02,0.054,-4.0,157.0,744.0,2.68
2022-03-18 03:34:44,0.02,0.054,-4.0,158.0,745.0,2.69
2022-03-18 03:35:45,0.02,0.0541,-4.0,157.0,745.0,2.68
2022-03-18 03:36:45,0.02,0.054,-4.0,158.0,745.0,2.68
2022-03-18 03:37:46,0.02,0.0541,-4.0,157.0,744.0,2.69
2022-03-18 03:38:46,0.02,0.0541,-4.0,158.0,744.0,2.67
2022-03-18 03:39:46,0.02,0.0541,-4.0,158.0,745.0,2.67
2022-03-18 03:40:47,0.02,0.0541,-4.0,158.0,745.0,2.67
2022-03-18 03:41:47,0.02,0.0541,-4.0,157.0,745.0,2.69
2022-03-18 03:42:48,0.02,0.0541,-4.0,157.0,744.0,2.68
2022-03-18 03:43:48,0.02,0.0541,-4.0,157.0,745.0,2.67
2022-03-18 03:44:49,0.02,0.0542,-4.0,158.0,745.0,2.68
2022-03-18 03:45:49,0.02,0.0542,-4.0,157.0,745.0,2.69
2022-03-18 03:46:49,0.02,0.0542,-4.0,158.0,744.0,2.67
2022-03-18 03:47:50,0.02,0.0542,-4.0,157.0,744.0,2.67
2022-03-18 03:48:50,0.02,0.0543,-4.0,157.0,745.0,2.69
2022-03-18 03:49:51,0.02,0.0543,-4.0,157.0,745.0,2.67
2022-03-18 03:50:51,0.02,0.0544,-4.0,157.0,745.0,2.68
2022-03-18 03:51:52,0.02,0.0543,-4.0,157.0,745.0,2.68
2022-03-18 03:52:52,0.02,0.0543,-4.0,157.0,745.0,2.67
2022-03-18 03:53:53,0.02,0.0543,-4.0,157.0,745.0,2.67
2022-03-18 03:54:53,0.02,0.0543,-5.0,158.0,745.0,2.69
2022-03-18 03:55:53,0.02,0.0542,-4.0,158.0,745.0,2.68
2022-03-18 03:56:54,0.02,0.0543,-4.0,158.0,745.0,2.68
2022-03-18 03:57:54,0.02,0.0543,-4.0,158.0,745.0,2.67
2022-03-18 03:58:55,0.02,0.0544,-4.0,158.0,744.0,2.67
2022-03-18 03:59:55,0.02,0.0544,-4.0,157.0,744.0,2.68
2022-03-18 04:00:55,0.02,0.0543,-4.0,158.0,745.0,2.67
2022-03-18 04:01:56,0.02,0.0544,-4.0,157.0,744.0,2.67
2022-03-18 04:02:56,0.02,0.0543,-4.0,158.0,745.0,2.67
2022-03-18 04:03:57,0.02,0.0544,-4.0,158.0,745.0,2.69
2022-03-18 04:04:57,0.02,0.0544,-4.0,157.0,745.0,2.67
2022-03-18 04:05:57,0.02,0.0543,-4.0,157.0,744.0,2.69
2022-03-18 04:06:58,0.02,0.0543,-4.0,157.0,744.0,2.68
2022-03-18 04:07:58,0.02,0.0544,-4.0,157.0,745.0,2.69
2022-03-18 04:08:58,0.02,0.0543,-4.0,158.0,745.0,2.68
2022-03-18 04:09:59,0.02,0.0544,-4.0,157.0,744.0,2.69
2022-03-18 04:10:59,0.02,0.0544,-4.0,158.0,745.0,2.69
2022-03-18 04:12:00,0.02,0.0543,-4.0,157.0,744.0,2.68
2022-03-18 04:13:00,0.02,0.0544,-5.0,157.0,745.0,2.7
2022-03-18 04:14:01,0.02,0.0544,-4.0,157.0,744.0,2.69
2022-03-18 04:15:01,0.02,0.0544,-5.0,157.0,745.0,2.7
2022-03-18 04:16:01,0.02,0.0543,-5.0,157.0,744.0,2.69
2022-03-18 04:17:02,0.02,0.0544,-4.0,157.0,745.0,2.69
2022-03-18 04:18:02,0.02,0.0543,-4.0,157.0,744.0,2.69
2022-03-18 04:19:02,0.02,0.0544,-4.0,157.0,745.0,2.7
2022-03-18 04:20:03,0.02,0.0544,-4.0,157.0,745.0,2.68
2022-03-18 04:21:03,0.02,0.0544,-4.0,157.0,744.0,2.7
2022-03-18 04:22:04,0.02,0.0545,-4.0,157.0,744.0,2.69
2022-03-18 04:23:04,0.02,0.0544,-4.0,158.0,744.0,2.69
2022-03-18 04:24:04,0.02,0.0544,-5.0,158.0,745.0,2.68
2022-03-18 04:25:05,0.02,0.0544,-4.0,157.0,745.0,2.68
2022-03-18 04:26:05,0.02,0.0544,-4.0,157.0,745.0,2.69
2022-03-18 04:27:06,0.02,0.0543,-4.0,157.0,744.0,2.69
2022-03-18 04:28:06,0.02,0.0544,-4.0,157.0,744.0,2.69
2022-03-18 04:29:06,0.02,0.0543,-4.0,157.0,744.0,2.68
2022-03-18 04:30:07,0.02,0.0544,-4.0,157.0,744.0,2.69
2022-03-18 04:31:07,0.02,0.0544,-4.0,157.0,745.0,2.69
2022-03-18 04:32:07,0.02,0.0544,-4.0,157.0,745.0,2.68
2022-03-18 04:33:08,0.02,0.0544,-4.0,157.0,745.0,2.69
2022-03-18 04:34:08,0.02,0.0544,-4.0,157.0,745.0,2.69
2022-03-18 04:35:09,0.02,0.0544,-5.0,157.0,744.0,2.7
2022-03-18 04:36:09,0.02,0.0544,-4.0,157.0,744.0,2.71
2022-03-18 04:37:09,0.02,0.0544,-4.0,157.0,744.0,2.7
2022-03-18 04:38:10,0.02,0.0544,-4.0,157.0,745.0,2.71
2022-03-18 04:39:10,0.02,0.0545,-4.0,157.0,744.0,2.7
2022-03-18 04:40:11,0.02,0.0544,-5.0,157.0,745.0,2.7
2022-03-18 04:41:11,0.02,0.0545,-4.0,157.0,745.0,2.7
2022-03-18 04:42:12,0.02,0.0545,-4.0,157.0,745.0,2.7
2022-03-18 04:43:12,0.02,0.0545,-4.0,157.0,745.0,2.7
2022-03-18 04:44:12,0.02,0.0544,-4.0,157.0,744.0,2.71
2022-03-18 04:45:13,0.02,0.0544,-4.0,157.0,745.0,2.7
2022-03-18 04:46:13,0.02,0.0545,-4.0,157.0,745.0,2.71
2022-03-18 04:47:14,0.02,0.0545,-4.0,157.0,745.0,2.71
2022-03-18 04:48:14,0.02,0.0545,-4.0,158.0,744.0,2.72
2022-03-18 04:49:15,0.02,0.0546,-4.0,157.0,745.0,2.71
2022-03-18 04:50:15,0.02,0.0545,-4.0,157.0,745.0,2.71
2022-03-18 04:51:16,0.02,0.0545,-4.0,157.0,744.0,2.7
2022-03-18 04:52:16,0.02,0.0545,-4.0,157.0,745.0,2.7
2022-03-18 04:53:17,0.02,0.0545,-4.0,157.0,744.0,2.69
2022-03-18 04:54:17,0.02,0.0546,-4.0,157.0,745.0,2.69
2022-03-18 04:55:17,0.02,0.0546,-4.0,157.0,744.0,2.71
2022-03-18 04:56:18,0.02,0.0546,-4.0,157.0,744.0,2.69
2022-03-18 04:57:18,0.02,0.0546,-4.0,157.0,745.0,2.7
2022-03-18 04:58:19,0.02,0.0547,-4.0,157.0,744.0,2.73
2022-03-18 04:59:19,0.02,0.0546,-4.0,157.0,745.0,2.71
2022-03-18 05:00:20,0.02,0.0547,-4.0,157.0,744.0,2.7
2022-03-18 05:01:20,0.02,0.0547,-5.0,157.0,744.0,2.7
2022-03-18 05:02:21,0.02,0.0547,-4.0,157.0,744.0,2.7
2022-03-18 05:03:21,0.02,0.0547,-4.0,158.0,743.0,2.7
2022-03-18 05:04:22,0.02,0.0547,-4.0,157.0,743.0,2.7
2022-03-18 05:05:22,0.02,0.0547,-4.0,157.0,743.0,2.7
2022-03-18 05:06:23,0.02,0.0547,-4.0,157.0,743.0,2.71
2022-03-18 05:07:23,0.02,0.0547,-4.0,157.0,743.0,2.71
2022-03-18 05:08:23,0.02,0.0547,-4.0,157.0,743.0,2.71
2022-03-18 05:09:24,0.02,0.0548,-4.0,157.0,743.0,2.72
2022-03-18 05:10:24,0.02,0.0547,-4.0,157.0,744.0,2.7
2022-03-18 05:11:25,0.02,0.0547,-5.0,157.0,744.0,2.71
2022-03-18 05:12:25,0.02,0.0547,-4.0,157.0,744.0,2.72
2022-03-18 05:13:25,0.02,0.0547,-4.0,157.0,745.0,2.71
2022-03-18 05:14:26,0.02,0.0548,-4.0,157.0,745.0,2.7
2022-03-18 05:15:26,0.02,0.0548,-4.0,157.0,745.0,2.71
2022-03-18 05:16:27,0.02,0.0547,-4.0,157.0,745.0,2.7
2022-03-18 05:17:27,0.02,0.0548,-4.0,157.0,745.0,2.7
2022-03-18 05:18:28,0.02,0.0548,-5.0,157.0,745.0,2.69
2022-03-18 05:19:28,0.02,0.0548,-4.0,157.0,745.0,2.71
2022-03-18 05:20:29,0.02,0.0548,-5.0,157.0,744.0,2.7
2022-03-18 05:21:29,0.02,0.0547,-4.0,157.0,744.0,2.72
2022-03-18 05:22:29,0.02,0.0549,-4.0,157.0,745.0,2.71
2022-03-18 05:23:30,0.02,0.0548,-4.0,158.0,744.0,2.72
2022-03-18 05:24:30,0.02,0.0548,-5.0,157.0,744.0,2.71
2022-03-18 05:25:30,0.02,0.0548,-5.0,157.0,745.0,2.71
2022-03-18 05:26:31,0.02,0.0548,-4.0,157.0,745.0,2.7
2022-03-18 05:27:31,0.02,0.0548,-4.0,157.0,744.0,2.72
2022-03-18 05:28:31,0.02,0.0548,-4.0,157.0,744.0,2.71
2022-03-18 05:29:32,0.02,0.0548,-5.0,157.0,744.0,2.69
2022-03-18 05:30:32,0.02,0.0548,-4.0,157.0,744.0,2.72
2022-03-18 05:31:32,0.02,0.0548,-4.0,157.0,744.0,2.7
2022-03-18 05:32:33,0.02,0.0548,-4.0,158.0,743.0,2.71
2022-03-18 05:33:33,0.02,0.0548,-4.0,157.0,743.0,2.73
2022-03-18 05:34:34,0.02,0.0548,-4.0,157.0,743.0,2.71
2022-03-18 05:35:34,0.02,0.0548,-4.0,158.0,743.0,2.73
2022-03-18 05:36:35,0.02,0.0548,-4.0,157.0,744.0,2.72
2022-03-18 05:37:35,0.02,0.0548,-4.0,157.0,743.0,2.72
2022-03-18 05:38:35,0.02,0.0548,-5.0,157.0,743.0,2.71
2022-03-18 05:39:36,0.02,0.0548,-4.0,157.0,743.0,2.72
2022-03-18 05:40:36,0.02,0.0547,-4.0,157.0,744.0,2.72
2022-03-18 05:41:36,0.02,0.0548,-4.0,157.0,744.0,2.71
2022-03-18 05:42:37,0.02,0.0548,-5.0,157.0,744.0,2.71
2022-03-18 05:43:37,0.02,0.0547,-4.0,157.0,743.0,2.71
2022-03-18 05:44:38,0.02,0.0548,-5.0,157.0,743.0,2.71
2022-03-18 05:45:38,0.02,0.0548,-5.0,157.0,745.0,2.72
2022-03-18 05:46:39,0.02,0.0547,-5.0,157.0,743.0,2.71
2022-03-18 05:47:39,0.02,0.0548,-4.0,157.0,743.0,2.73
2022-03-18 05:48:40,0.02,0.0547,-4.0,157.0,743.0,2.71
2022-03-18 05:49:40,0.02,0.0548,-4.0,157.0,743.0,2.72
2022-03-18 05:50:40,0.02,0.0548,-4.0,157.0,743.0,2.72
2022-03-18 05:51:41,0.02,0.0548,-4.0,158.0,743.0,2.73
2022-03-18 05:52:41,0.02,0.0548,-4.0,157.0,743.0,2.7
2022-03-18 05:53:42,0.02,0.0548,-4.0,157.0,743.0,2.7
2022-03-18 05:54:42,0.02,0.0548,-5.0,157.0,743.0,2.72
2022-03-18 05:55:43,0.02,0.0548,-4.0,157.0,744.0,2.74
2022-03-18 05:56:43,0.02,0.0548,-5.0,157.0,744.0,2.73
2022-03-18 05:57:43,0.02,0.0548,-4.0,157.0,743.0,2.72
2022-03-18 05:58:44,0.02,0.0549,-4.0,157.0,742.0,2.72
2022-03-18 05:59:44,0.02,0.0548,-4.0,157.0,744.0,2.71
2022-03-18 06:00:44,0.02,0.0548,-4.0,157.0,744.0,2.72
2022-03-18 06:01:45,0.02,0.0549,-4.0,157.0,743.0,2.71
2022-03-18 06:02:45,0.02,0.0549,-5.0,157.0,744.0,2.71
2022-03-18 06:03:46,0.02,0.0548,-4.0,157.0,743.0,2.71
2022-03-18 06:04:46,0.02,0.0549,-4.0,157.0,744.0,2.72
2022-03-18 06:05:47,0.02,0.0547,-4.0,157.0,743.0,2.7
2022-03-18 06:06:47,0.02,0.0549,-4.0,157.0,743.0,2.71
2022-03-18 06:07:47,0.02,0.0549,-4.0,157.0,743.0,2.71
2022-03-18 06:08:48,0.02,0.0549,-5.0,157.0,743.0,2.72
2022-03-18 06:09:48,0.02,0.0548,-4.0,157.0,743.0,2.72
2022-03-18 06:10:48,0.02,0.0548,-4.0,157.0,743.0,2.72
2022-03-18 06:11:48,0.02,0.0548,-4.0,157.0,743.0,2.73
2022-03-18 06:12:49,0.02,0.0548,-5.0,157.0,744.0,2.71
2022-03-18 06:13:49,0.02,0.0549,-4.0,157.0,743.0,2.71
2022-03-18 06:14:50,0.02,0.0549,-4.0,157.0,743.0,2.7
2022-03-18 06:15:50,0.02,0.0548,-4.0,157.0,743.0,2.72
2022-03-18 06:16:51,0.02,0.0549,-5.0,157.0,743.0,2.71
2022-03-18 06:17:52,0.02,0.0548,-4.0,157.0,743.0,2.71
2022-03-18 06:18:52,0.02,0.0549,-4.0,157.0,743.0,2.7
2022-03-18 06:19:52,0.02,0.055,-5.0,157.0,743.0,2.71
2022-03-18 06:20:53,0.02,0.0549,-4.0,157.0,744.0,2.73
2022-03-18 06:21:53,0.02,0.055,-4.0,157.0,744.0,2.72
2022-03-18 06:22:54,0.02,0.055,-4.0,157.0,744.0,2.7
2022-03-18 06:23:54,0.02,0.055,-4.0,157.0,743.0,2.7
2022-03-18 06:24:55,0.02,0.0551,-5.0,157.0,743.0,2.72
2022-03-18 06:25:55,0.02,0.055,-4.0,157.0,743.0,2.71
2022-03-18 06:26:55,0.02,0.055,-5.0,157.0,743.0,2.71
2022-03-18 06:27:56,0.02,0.055,-4.0,157.0,743.0,2.71
2022-03-18 06:28:56,0.02,0.055,-4.0,157.0,744.0,2.72
2022-03-18 06:29:56,0.02,0.055,-5.0,157.0,744.0,2.72
2022-03-18 06:30:57,0.02,0.0551,-5.0,157.0,743.0,2.72
2022-03-18 06:31:57,0.02,0.055,-4.0,157.0,743.0,2.72
2022-03-18 06:32:57,0.02,0.055,-4.0,157.0,743.0,2.74
2022-03-18 06:33:58,0.02,0.0549,-4.0,157.0,743.0,2.73
2022-03-18 06:34:58,0.02,0.055,-4.0,157.0,743.0,2.73
2022-03-18 06:35:58,0.02,0.0551,-5.0,157.0,744.0,2.71
2022-03-18 06:36:59,0.02,0.0551,-4.0,157.0,743.0,2.71
2022-03-18 06:37:59,0.02,0.0551,-4.0,157.0,744.0,2.71
2022-03-18 06:38:59,0.02,0.0551,-5.0,157.0,743.0,2.72
2022-03-18 06:40:00,0.02,0.0551,-5.0,157.0,743.0,2.7
2022-03-18 06:41:00,0.02,0.0551,-5.0,157.0,744.0,2.71
2022-03-18 06:42:01,0.02,0.0551,-4.0,157.0,743.0,2.72
2022-03-18 06:43:01,0.02,0.0551,-4.0,157.0,743.0,2.72
2022-03-18 06:44:02,0.02,0.0551,-5.0,157.0,743.0,2.71
2022-03-18 06:45:02,0.02,0.055,-4.0,157.0,743.0,2.72
2022-03-18 06:46:02,0.02,0.0551,-4.0,157.0,743.0,2.73
2022-03-18 06:47:03,0.02,0.0551,-5.0,157.0,743.0,2.73
2022-03-18 06:48:03,0.02,0.0551,-4.0,158.0,743.0,2.72
2022-03-18 06:49:03,0.02,0.0551,-5.0,157.0,743.0,2.73
2022-03-18 06:50:04,0.02,0.0551,-4.0,157.0,743.0,2.72
2022-03-18 06:51:04,0.02,0.0551,-4.0,157.0,744.0,2.72
2022-03-18 06:52:05,0.02,0.0551,-4.0,157.0,744.0,2.72
2022-03-18 06:53:05,0.02,0.0551,-5.0,157.0,744.0,2.73
2022-03-18 06:54:06,0.02,0.055,-4.0,157.0,744.0,2.72
2022-03-18 06:55:06,0.02,0.0551,-4.0,157.0,743.0,2.73
2022-03-18 06:56:07,0.02,0.0551,-4.0,157.0,743.0,2.71
2022-03-18 06:57:07,0.02,0.0551,-4.0,157.0,743.0,2.72
2022-03-18 06:58:08,0.02,0.0551,-5.0,157.0,745.0,2.73
2022-03-18 06:59:08,0.02,0.0551,-5.0,157.0,743.0,2.73
2022-03-18 07:00:09,0.02,0.0551,-4.0,157.0,743.0,2.73
2022-03-18 07:01:09,0.02,0.0551,-5.0,157.0,744.0,2.72
2022-03-18 07:02:09,0.02,0.0551,-4.0,157.0,744.0,2.72
2022-03-18 07:03:10,0.02,0.0551,-5.0,157.0,743.0,2.73
2022-03-18 07:04:10,0.02,0.0551,-4.0,157.0,743.0,2.75
2022-03-18 07:05:10,0.02,0.0551,-4.0,157.0,742.0,2.72
2022-03-18 07:06:11,0.02,0.0551,-4.0,157.0,742.0,2.72
2022-03-18 07:07:11,0.02,0.0551,-4.0,157.0,742.0,2.72
2022-03-18 07:08:12,0.02,0.0551,-5.0,157.0,743.0,2.75
2022-03-18 07:09:12,0.02,0.0551,-5.0,157.0,742.0,2.71
2022-03-18 07:10:13,0.02,0.0551,-4.0,157.0,743.0,2.74
2022-03-18 07:11:13,0.02,0.0551,-4.0,157.0,742.0,2.73
2022-03-18 07:12:14,0.02,0.0551,-5.0,157.0,743.0,2.74
2022-03-18 07:13:14,0.02,0.0551,-5.0,157.0,742.0,2.75
2022-03-18 07:14:14,0.02,0.0551,-5.0,157.0,743.0,2.75
2022-03-18 07:15:15,0.02,0.0552,-4.0,157.0,743.0,2.74
2022-03-18 07:16:15,0.02,0.0551,-5.0,157.0,742.0,2.74
2022-03-18 07:17:16,0.02,0.0552,-5.0,157.0,742.0,2.76
2022-03-18 07:18:16,0.02,0.0551,-4.0,157.0,742.0,2.75
2022-03-18 07:19:16,0.02,0.0552,-4.0,157.0,742.0,2.75
2022-03-18 07:20:17,0.02,0.0551,-4.0,157.0,743.0,2.74
2022-03-18 07:21:17,0.02,0.0552,-4.0,157.0,742.0,2.74
2022-03-18 07:22:17,0.02,0.0552,-4.0,157.0,742.0,2.75
2022-03-18 07:23:18,0.02,0.0552,-5.0,157.0,743.0,2.75
2022-03-18 07:24:18,0.02,0.0552,-4.0,157.0,743.0,2.74
2022-03-18 07:25:18,0.02,0.0552,-5.0,157.0,743.0,2.76
2022-03-18 07:26:19,0.02,0.0552,-5.0,157.0,742.0,2.75
2022-03-18 07:27:19,0.02,0.0552,-5.0,157.0,742.0,2.74
2022-03-18 07:28:20,0.02,0.0552,-5.0,157.0,742.0,2.75
2022-03-18 07:29:20,0.02,0.0552,-5.0,157.0,742.0,2.75
2022-03-18 07:30:21,0.02,0.0552,-5.0,157.0,742.0,2.74
2022-03-18 07:31:21,0.02,0.0552,-5.0,157.0,742.0,2.74
2022-03-18 07:32:22,0.02,0.0552,-5.0,157.0,743.0,2.74
2022-03-18 07:33:22,0.02,0.0552,-5.0,157.0,742.0,2.74
2022-03-18 07:34:22,0.02,0.0551,-5.0,157.0,742.0,2.75
2022-03-18 07:35:23,0.02,0.0552,-5.0,157.0,743.0,2.72
2022-03-18 07:36:23,0.02,0.0552,-5.0,157.0,743.0,2.73
2022-03-18 07:37:24,0.02,0.0552,-5.0,157.0,743.0,2.75
2022-03-18 07:38:24,0.02,0.0552,-5.0,157.0,743.0,2.75
2022-03-18 07:39:24,0.02,0.0551,-5.0,157.0,742.0,2.75
2022-03-18 07:40:25,0.02,0.0552,-5.0,157.0,742.0,2.74
2022-03-18 07:41:25,0.02,0.0552,-4.0,157.0,743.0,2.73
2022-03-18 07:42:25,0.02,0.0552,-5.0,157.0,742.0,2.74
2022-03-18 07:43:26,0.02,0.0552,-5.0,157.0,743.0,2.76
2022-03-18 07:44:26,0.02,0.0552,-5.0,157.0,742.0,2.76
2022-03-18 07:45:27,0.02,0.0551,-5.0,157.0,742.0,2.75
2022-03-18 07:46:27,0.02,0.0551,-5.0,157.0,743.0,2.76
2022-03-18 07:47:28,0.02,0.0552,-5.0,157.0,741.0,2.75
2022-03-18 07:48:28,0.02,0.0552,-5.0,157.0,742.0,2.74
2022-03-18 07:49:28,0.02,0.0552,-5.0,157.0,743.0,2.75
2022-03-18 07:50:29,0.02,0.0551,-5.0,157.0,743.0,2.75
2022-03-18 07:51:29,0.02,0.0552,-4.0,157.0,742.0,2.75
2022-03-18 07:52:30,0.02,0.0551,-5.0,157.0,743.0,2.75
2022-03-18 07:53:30,0.02,0.0552,-5.0,157.0,742.0,2.75
2022-03-18 07:54:31,0.02,0.0552,-5.0,157.0,743.0,2.76
2022-03-18 07:55:31,0.02,0.0553,-5.0,157.0,742.0,2.73
2022-03-18 07:56:32,0.02,0.0552,-5.0,157.0,742.0,2.76
2022-03-18 07:57:32,0.02,0.0552,-5.0,157.0,743.0,2.72
2022-03-18 07:58:33,0.02,0.0551,-5.0,157.0,742.0,2.77
2022-03-18 07:59:33,0.02,0.0551,-5.0,157.0,742.0,2.74
2022-03-18 08:00:34,0.02,0.0551,-5.0,157.0,742.0,2.75
2022-03-18 08:01:34,0.02,0.0552,-5.0,157.0,743.0,2.75
2022-03-18 08:02:35,0.02,0.0553,-5.0,157.0,744.0,2.75
2022-03-18 08:03:35,0.02,0.0552,-4.0,157.0,742.0,2.77
2022-03-18 08:04:35,0.02,0.0552,-5.0,157.0,743.0,2.75
2022-03-18 08:05:36,0.02,0.0552,-5.0,157.0,742.0,2.74
2022-03-18 08:06:36,0.02,0.0552,-5.0,157.0,743.0,2.77
2022-03-18 08:07:37,0.02,0.0552,-5.0,157.0,743.0,2.76
2022-03-18 08:08:37,0.02,0.0552,-4.0,157.0,743.0,2.77
2022-03-18 08:09:37,0.02,0.0552,-5.0,157.0,743.0,2.76
2022-03-18 08:10:38,0.02,0.0551,-5.0,157.0,743.0,2.75
2022-03-18 08:11:38,0.02,0.0552,-5.0,157.0,742.0,2.75
2022-03-18 08:12:39,0.02,0.0552,-5.0,157.0,742.0,2.77
2022-03-18 08:13:40,0.02,0.0552,-5.0,157.0,741.0,2.73
2022-03-18 08:14:40,0.02,0.0552,-5.0,157.0,743.0,2.73
2022-03-18 08:15:41,0.02,0.0552,-5.0,157.0,742.0,2.74
2022-03-18 08:16:41,0.02,0.0551,-5.0,157.0,742.0,2.75
2022-03-18 08:17:41,0.02,0.0552,-5.0,157.0,742.0,2.74
2022-03-18 08:18:42,0.02,0.0552,-5.0,157.0,741.0,2.74
2022-03-18 08:19:42,0.02,0.0551,-5.0,157.0,741.0,2.74
2022-03-18 08:20:43,0.02,0.0551,-5.0,157.0,741.0,2.74
2022-03-18 08:21:43,0.02,0.0551,-5.0,157.0,741.0,2.75
2022-03-18 08:22:44,0.02,0.0552,-5.0,157.0,742.0,2.75
2022-03-18 08:23:44,0.02,0.0552,-5.0,157.0,742.0,2.76
2022-03-18 08:24:45,0.02,0.0553,-5.0,157.0,742.0,2.74
2022-03-18 08:25:45,0.02,0.0553,-5.0,157.0,741.0,2.77
2022-03-18 08:26:45,0.02,0.0553,-5.0,157.0,740.0,2.76
2022-03-18 08:27:46,0.02,0.0553,-5.0,157.0,742.0,2.75
2022-03-18 08:28:46,0.02,0.0553,-5.0,157.0,742.0,2.77
2022-03-18 08:29:47,0.02,0.0553,-5.0,157.0,742.0,2.77
2022-03-18 08:30:47,0.02,0.0553,-5.0,157.0,743.0,2.74
2022-03-18 08:31:48,0.02,0.0553,-5.0,157.0,740.0,2.78
2022-03-18 08:32:48,0.02,0.0552,-5.0,157.0,741.0,2.77
2022-03-18 08:33:48,0.02,0.0553,-5.0,157.0,741.0,2.78
2022-03-18 08:34:49,0.02,0.0553,-5.0,157.0,742.0,2.76
2022-03-18 08:35:49,0.02,0.0553,-5.0,157.0,742.0,2.76
2022-03-18 08:36:50,0.02,0.0553,-4.0,157.0,742.0,2.78
2022-03-18 08:37:50,0.02,0.0553,-5.0,157.0,742.0,2.79
2022-03-18 08:38:50,0.02,0.0553,-5.0,157.0,742.0,2.76
2022-03-18 08:39:50,0.02,0.0553,-5.0,157.0,741.0,2.78
2022-03-18 08:40:51,0.02,0.0553,-5.0,157.0,741.0,2.76
2022-03-18 08:41:51,0.02,0.0553,-5.0,157.0,740.0,2.77
2022-03-18 08:42:52,0.02,0.0553,-5.0,157.0,741.0,2.76
2022-03-18 08:43:52,0.02,0.0554,-5.0,157.0,741.0,2.76
2022-03-18 08:44:52,0.02,0.0554,-5.0,157.0,742.0,2.79
2022-03-18 08:45:53,0.02,0.0554,-5.0,157.0,741.0,2.78
2022-03-18 08:46:53,0.02,0.0554,-5.0,157.0,742.0,2.79
2022-03-18 08:47:54,0.02,0.0554,-5.0,157.0,742.0,2.79
2022-03-18 08:48:54,0.02,0.0554,-5.0,157.0,741.0,2.79
2022-03-18 08:49:54,0.02,0.0554,-5.0,157.0,742.0,2.77
2022-03-18 08:50:55,0.02,0.0554,-5.0,157.0,741.0,2.8
2022-03-18 08:51:55,0.02,0.0553,-5.0,157.0,742.0,2.8
2022-03-18 08:52:56,0.02,0.0554,-5.0,157.0,742.0,2.77
2022-03-18 08:53:56,0.02,0.0554,-5.0,157.0,742.0,2.79
2022-03-18 08:54:56,0.02,0.0554,-5.0,157.0,741.0,2.78
2022-03-18 08:55:57,0.02,0.0554,-5.0,157.0,742.0,2.78
2022-03-18 08:56:57,0.02,0.0554,-5.0,157.0,742.0,2.78
2022-03-18 08:57:58,0.02,0.0554,-5.0,157.0,742.0,2.78
2022-03-18 08:58:58,0.02,0.0554,-5.0,157.0,742.0,2.78
2022-03-18 08:59:59,0.02,0.0554,-5.0,157.0,742.0,2.8
2022-03-18 09:00:59,0.02,0.0554,-5.0,157.0,742.0,2.78
2022-03-18 09:02:00,0.02,0.0554,-5.0,157.0,742.0,2.77
2022-03-18 09:03:00,0.02,0.0554,-5.0,157.0,742.0,2.76
2022-03-18 09:04:00,0.02,0.0554,-5.0,157.0,742.0,2.76
2022-03-18 09:05:01,0.02,0.0555,-5.0,157.0,743.0,2.77
2022-03-18 09:06:01,0.02,0.0555,-5.0,157.0,742.0,2.78
2022-03-18 09:07:01,0.02,0.0555,-5.0,157.0,742.0,2.76
2022-03-18 09:08:02,0.02,0.0555,-5.0,157.0,741.0,2.78
2022-03-18 09:09:02,0.02,0.0555,-5.0,157.0,742.0,2.76
2022-03-18 09:10:03,0.02,0.0555,-5.0,157.0,742.0,2.76
2022-03-18 09:11:03,0.02,0.0555,-5.0,157.0,741.0,2.77
2022-03-18 09:12:03,0.02,0.0555,-5.0,157.0,742.0,2.77
2022-03-18 09:13:04,0.02,0.0555,-5.0,157.0,741.0,2.76
2022-03-18 09:14:04,0.02,0.0556,-5.0,157.0,742.0,2.77
2022-03-18 09:15:05,0.02,0.0555,-5.0,157.0,742.0,2.76
2022-03-18 09:16:05,0.02,0.0555,-5.0,157.0,742.0,2.74
2022-03-18 09:17:06,0.02,0.0555,-5.0,157.0,741.0,2.75
2022-03-18 09:18:06,0.02,0.0557,-5.0,157.0,742.0,2.75
2022-03-18 09:19:06,0.02,0.0557,-5.0,157.0,742.0,2.75
2022-03-18 09:20:07,0.02,0.0556,-5.0,157.0,742.0,2.74
2022-03-18 09:21:07,0.02,0.0556,-5.0,157.0,742.0,2.77
2022-03-18 09:22:08,0.02,0.0556,-5.0,157.0,741.0,2.74
2022-03-18 09:23:08,0.02,0.0555,-5.0,157.0,742.0,2.76
2022-03-18 09:24:08,0.02,0.0556,-5.0,157.0,742.0,2.75
2022-03-18 09:25:09,0.02,0.0556,-5.0,157.0,742.0,2.77
2022-03-18 09:26:09,0.02,0.0555,-5.0,157.0,741.0,2.75
2022-03-18 09:27:10,0.02,0.0555,-5.0,157.0,742.0,2.76
2022-03-18 09:28:10,0.02,0.0556,-5.0,157.0,742.0,2.75
2022-03-18 09:29:11,0.02,0.0556,-5.0,157.0,742.0,2.76
2022-03-18 09:30:11,0.02,0.0557,-5.0,157.0,742.0,2.77
2022-03-18 09:31:11,0.02,0.0555,-5.0,157.0,742.0,2.76
2022-03-18 09:32:12,0.02,0.0556,-5.0,157.0,742.0,2.76
2022-03-18 09:33:12,0.02,0.0557,-5.0,157.0,741.0,2.77
2022-03-18 09:34:12,0.02,0.0555,-5.0,157.0,742.0,2.75
2022-03-18 09:35:13,0.02,0.0556,-5.0,157.0,741.0,2.77
2022-03-18 09:36:13,0.02,0.0556,-5.0,157.0,742.0,2.76
2022-03-18 09:37:13,0.02,0.0556,-5.0,157.0,741.0,2.76
2022-03-18 09:38:14,0.02,0.0556,-5.0,157.0,743.0,2.78
2022-03-18 09:39:14,0.02,0.0556,-5.0,157.0,741.0,2.78
2022-03-18 09:40:15,0.02,0.0556,-5.0,157.0,742.0,2.77
2022-03-18 09:41:15,0.02,0.0556,-5.0,157.0,742.0,2.79
2022-03-18 09:42:15,0.02,0.0555,-5.0,157.0,742.0,2.78
2022-03-18 09:43:16,0.02,0.0556,-5.0,157.0,742.0,2.81
2022-03-18 09:44:16,0.02,0.0555,-5.0,157.0,742.0,2.79
2022-03-18 09:45:17,0.02,0.0557,-5.0,157.0,742.0,2.79
2022-03-18 09:46:17,0.02,0.0557,-5.0,157.0,742.0,2.8
2022-03-18 09:47:18,0.02,0.0557,-5.0,157.0,742.0,2.79
2022-03-18 09:48:18,0.02,0.0558,-5.0,157.0,741.0,2.78
2022-03-18 09:49:19,0.02,0.0557,-5.0,157.0,742.0,2.78
2022-03-18 09:50:19,0.02,0.0557,-5.0,157.0,742.0,2.82
2022-03-18 09:51:19,0.02,0.0557,-5.0,157.0,741.0,2.79
2022-03-18 09:52:20,0.02,0.0557,-5.0,157.0,742.0,2.8
2022-03-18 09:53:20,0.02,0.0557,-5.0,157.0,740.0,2.79
2022-03-18 09:54:21,0.02,0.0557,-5.0,157.0,740.0,2.79
2022-03-18 09:55:21,0.02,0.0557,-5.0,157.0,740.0,2.79
2022-03-18 09:56:22,0.02,0.0557,-5.0,157.0,740.0,2.81
2022-03-18 09:57:22,0.02,0.0557,-5.0,157.0,740.0,2.8
2022-03-18 09:58:23,0.02,0.0557,-5.0,157.0,740.0,2.79
2022-03-18 09:59:23,0.02,0.0557,-5.0,157.0,741.0,2.79
2022-03-18 10:00:24,0.02,0.0557,-5.0,157.0,740.0,2.79
2022-03-18 10:01:24,0.02,0.0557,-5.0,157.0,740.0,2.78
2022-03-18 10:02:25,0.02,0.0557,-5.0,157.0,741.0,2.8
2022-03-18 10:03:25,0.02,0.0557,-5.0,157.0,740.0,2.79
2022-03-18 10:04:25,0.02,0.0557,-5.0,157.0,741.0,2.79
2022-03-18 10:05:26,0.02,0.0557,-5.0,157.0,740.0,2.79
2022-03-18 10:06:26,0.02,0.0557,-5.0,157.0,740.0,2.79
2022-03-18 10:07:27,0.02,0.0557,-5.0,157.0,741.0,2.79
2022-03-18 10:08:27,0.02,0.0557,-5.0,157.0,741.0,2.81
2022-03-18 10:09:27,0.02,0.0557,-5.0,157.0,740.0,2.82
2022-03-18 10:10:28,0.02,0.0557,-5.0,157.0,740.0,2.79
2022-03-18 10:11:28,0.02,0.0557,-5.0,157.0,740.0,2.8
2022-03-18 10:12:28,0.02,0.0557,-5.0,157.0,740.0,2.79
2022-03-18 10:13:29,0.02,0.0557,-5.0,157.0,741.0,2.78
2022-03-18 10:14:29,0.02,0.0557,-5.0,157.0,740.0,2.79
2022-03-18 10:15:30,0.02,0.0557,-5.0,157.0,740.0,2.8
2022-03-18 10:16:30,0.02,0.0557,-5.0,157.0,741.0,2.81
2022-03-18 10:17:30,0.02,0.0557,-5.0,157.0,740.0,2.79
2022-03-18 10:18:31,0.02,0.0557,-5.0,157.0,740.0,2.79
2022-03-18 10:19:31,0.02,0.0557,-5.0,157.0,740.0,2.81
2022-03-18 10:20:32,0.02,0.0557,-5.0,157.0,740.0,2.8
2022-03-18 10:21:32,0.02,0.0557,-5.0,157.0,740.0,2.81
2022-03-18 10:22:33,0.02,0.0557,-5.0,157.0,740.0,2.8
2022-03-18 10:23:33,0.02,0.0557,-5.0,157.0,740.0,2.83
2022-03-18 10:24:34,0.02,0.0557,-5.0,157.0,740.0,2.81
2022-03-18 10:25:34,0.02,0.0557,-5.0,157.0,741.0,2.82
2022-03-18 10:26:34,0.02,0.0557,-5.0,157.0,742.0,2.81
2022-03-18 10:27:35,0.02,0.0557,-5.0,157.0,739.0,2.8
2022-03-18 10:28:35,0.02,0.0557,-5.0,157.0,740.0,2.8
2022-03-18 10:29:35,0.02,0.0558,-5.0,157.0,739.0,2.81
2022-03-18 10:30:36,0.02,0.0557,-5.0,157.0,740.0,2.8
2022-03-18 10:31:37,0.02,0.0558,-5.0,157.0,740.0,2.81
2022-03-18 10:32:37,0.02,0.0557,-5.0,157.0,740.0,2.8
2022-03-18 10:33:37,0.02,0.0557,-5.0,157.0,742.0,2.82
2022-03-18 10:34:38,0.02,0.0557,-5.0,157.0,740.0,2.8
2022-03-18 10:35:38,0.02,0.0557,-5.0,157.0,740.0,2.79
2022-03-18 10:36:38,0.02,0.0557,-5.0,157.0,741.0,2.81
2022-03-18 10:37:39,0.02,0.0558,-4.0,157.0,740.0,2.8
2022-03-18 10:38:39,0.02,0.0557,-5.0,157.0,741.0,2.8
2022-03-18 10:39:40,0.02,0.0557,-5.0,157.0,740.0,2.79
2022-03-18 10:40:40,0.02,0.0557,-5.0,157.0,741.0,2.79
2022-03-18 10:41:40,0.02,0.0558,-5.0,157.0,740.0,2.8
2022-03-18 10:42:41,0.02,0.0558,-5.0,157.0,740.0,2.81
2022-03-18 10:43:41,0.02,0.0558,-5.0,157.0,739.0,2.79
2022-03-18 10:44:42,0.02,0.0557,-5.0,157.0,741.0,2.8
2022-03-18 10:45:42,0.02,0.0558,-5.0,157.0,740.0,2.8
2022-03-18 10:46:42,0.02,0.0558,-5.0,157.0,740.0,2.8
2022-03-18 10:47:43,0.02,0.0558,-5.0,157.0,740.0,2.8
2022-03-18 10:48:43,0.02,0.0558,-5.0,157.0,741.0,2.79
2022-03-18 10:49:43,0.02,0.0558,-5.0,157.0,740.0,2.8
2022-03-18 10:50:44,0.02,0.0558,-5.0,157.0,740.0,2.81
2022-03-18 10:51:44,0.02,0.0558,-5.0,157.0,740.0,2.81
2022-03-18 10:52:44,0.02,0.0558,-5.0,157.0,740.0,2.8
2022-03-18 10:53:45,0.02,0.0559,-5.0,157.0,741.0,2.81
2022-03-18 10:54:45,0.02,0.0559,-5.0,157.0,740.0,2.82
2022-03-18 10:55:46,0.02,0.0559,-5.0,157.0,740.0,2.81
2022-03-18 10:56:46,0.02,0.056,-5.0,157.0,740.0,2.81
2022-03-18 10:57:47,0.02,0.0559,-5.0,157.0,740.0,2.8
2022-03-18 10:58:47,0.02,0.0559,-5.0,157.0,740.0,2.82
2022-03-18 10:59:48,0.02,0.0559,-5.0,157.0,740.0,2.8
2022-03-18 11:00:48,0.02,0.0559,-5.0,157.0,740.0,2.8
2022-03-18 11:01:49,0.02,0.0558,-5.0,157.0,741.0,2.81
2022-03-18 11:02:49,0.02,0.0558,-5.0,157.0,740.0,2.8
2022-03-18 11:03:49,0.02,0.0559,-5.0,157.0,740.0,2.79
2022-03-18 11:04:50,0.02,0.0559,-5.0,157.0,740.0,2.8
2022-03-18 11:05:50,0.02,0.0559,-5.0,157.0,740.0,2.81
2022-03-18 11:06:51,0.02,0.056,-5.0,157.0,739.0,2.81
2022-03-18 11:07:51,0.02,0.056,-5.0,157.0,740.0,2.81
2022-03-18 11:08:52,0.02,0.056,-5.0,157.0,742.0,2.81
2022-03-18 11:09:52,0.02,0.056,-5.0,157.0,740.0,2.81
2022-03-18 11:10:53,0.02,0.056,-5.0,157.0,740.0,2.82
2022-03-18 11:11:53,0.02,0.0559,-5.0,157.0,741.0,2.79
2022-03-18 11:12:54,0.02,0.056,-5.0,157.0,740.0,2.82
2022-03-18 11:13:54,0.02,0.056,-5.0,157.0,740.0,2.82
2022-03-18 11:14:54,0.02,0.056,-5.0,157.0,740.0,2.8
2022-03-18 11:15:55,0.02,0.056,-5.0,157.0,740.0,2.8
2022-03-18 11:16:55,0.02,0.0559,-5.0,157.0,740.0,2.84
2022-03-18 11:17:56,0.02,0.056,-5.0,157.0,740.0,2.8
2022-03-18 11:18:56,0.02,0.056,-5.0,157.0,740.0,2.8
2022-03-18 11:19:57,0.02,0.056,-5.0,157.0,740.0,2.81
2022-03-18 11:20:57,0.02,0.056,-5.0,157.0,740.0,2.81
2022-03-18 11:21:58,0.02,0.056,-5.0,157.0,740.0,2.81
2022-03-18 11:22:58,0.02,0.056,-5.0,157.0,740.0,2.81
2022-03-18 11:23:58,0.02,0.056,-5.0,157.0,740.0,2.81
2022-03-18 11:24:59,0.02,0.0561,-5.0,157.0,739.0,2.81
2022-03-18 11:25:59,0.02,0.056,-5.0,157.0,740.0,2.8
2022-03-18 11:27:00,0.02,0.056,-5.0,157.0,739.0,2.82
2022-03-18 11:28:00,0.02,0.056,-5.0,157.0,740.0,2.82
2022-03-18 11:29:01,0.02,0.0561,-5.0,157.0,740.0,2.81
2022-03-18 11:30:01,0.02,0.0561,-5.0,157.0,739.0,2.82
2022-03-18 11:31:01,0.02,0.056,-5.0,157.0,740.0,2.81
2022-03-18 11:32:02,0.02,0.0561,-5.0,157.0,740.0,2.79
2022-03-18 11:33:02,0.02,0.0561,-5.0,157.0,740.0,2.81
2022-03-18 11:34:03,0.02,0.0561,-5.0,157.0,740.0,2.78
2022-03-18 11:35:03,0.02,0.056,-5.0,157.0,740.0,2.79
2022-03-18 11:36:04,0.02,0.0561,-5.0,157.0,741.0,2.78
2022-03-18 11:37:04,0.02,0.0561,-5.0,157.0,739.0,2.76
2022-03-18 11:38:04,0.02,0.0561,-5.0,157.0,740.0,2.79
2022-03-18 11:39:05,0.02,0.0561,-5.0,157.0,740.0,2.8
2022-03-18 11:40:05,0.02,0.056,-5.0,157.0,740.0,2.78
2022-03-18 11:41:05,0.02,0.0561,-5.0,157.0,740.0,2.78
2022-03-18 11:42:06,0.02,0.056,-5.0,157.0,740.0,2.78
2022-03-18 11:43:06,0.02,0.0561,-5.0,157.0,740.0,2.78
2022-03-18 11:44:07,0.02,0.0561,-5.0,157.0,740.0,2.78
2022-03-18 11:45:07,0.02,0.0561,-5.0,157.0,740.0,2.77
2022-03-18 11:46:08,0.02,0.0561,-5.0,157.0,739.0,2.78
2022-03-18 11:47:08,0.02,0.056,-5.0,157.0,739.0,2.78
2022-03-18 11:48:09,0.02,0.0561,-5.0,157.0,739.0,2.77
2022-03-18 11:49:09,0.02,0.056,-5.0,157.0,741.0,2.79
2022-03-18 11:50:09,0.02,0.0561,-5.0,157.0,741.0,2.79
2022-03-18 11:51:10,0.02,0.0561,-5.0,157.0,739.0,2.79
2022-03-18 11:52:10,0.02,0.0561,-5.0,157.0,741.0,2.78
2022-03-18 11:53:11,0.02,0.0561,-5.0,157.0,741.0,2.76
2022-03-18 11:54:11,0.02,0.0561,-5.0,157.0,741.0,2.75
2022-03-18 11:55:12,0.02,0.0561,-5.0,157.0,740.0,2.77
2022-03-18 11:56:12,0.02,0.0561,-5.0,157.0,740.0,2.77
2022-03-18 11:57:13,0.02,0.0561,-5.0,157.0,741.0,2.78
2022-03-18 11:58:13,0.02,0.0561,-5.0,157.0,740.0,2.77
2022-03-18 11:59:14,0.02,0.056,-5.0,157.0,740.0,2.77
2022-03-18 12:00:14,0.02,0.0561,-5.0,157.0,740.0,2.77
2022-03-18 12:01:14,0.02,0.0561,-5.0,157.0,740.0,2.79
2022-03-18 12:02:15,0.02,0.0561,-5.0,157.0,740.0,2.78
2022-03-18 12:03:15,0.02,0.0561,-5.0,157.0,740.0,2.74
2022-03-18 12:04:16,0.02,0.0561,-5.0,157.0,740.0,2.76
2022-03-18 12:05:16,0.02,0.0561,-5.0,157.0,740.0,2.79
2022-03-18 12:06:16,0.02,0.0561,-5.0,157.0,740.0,2.79
2022-03-18 12:07:17,0.02,0.0561,-5.0,157.0,740.0,2.78
2022-03-18 12:08:17,0.02,0.0561,-5.0,157.0,740.0,2.78
2022-03-18 12:09:17,0.02,0.0561,-5.0,157.0,740.0,2.78
2022-03-18 12:10:18,0.02,0.0561,-5.0,157.0,740.0,2.8
2022-03-18 12:11:18,0.02,0.0561,-5.0,157.0,740.0,2.8
2022-03-18 12:12:18,0.02,0.0561,-5.0,157.0,740.0,2.8
2022-03-18 12:13:19,0.02,0.0561,-5.0,157.0,740.0,2.77
2022-03-18 12:14:19,0.02,0.0561,-5.0,157.0,740.0,2.78
2022-03-18 12:15:20,0.02,0.0561,-5.0,157.0,739.0,2.8
2022-03-18 12:16:20,0.02,0.0561,-5.0,157.0,741.0,2.79
2022-03-18 12:17:21,0.02,0.0561,-5.0,157.0,740.0,2.81
2022-03-18 12:18:21,0.02,0.0561,-5.0,157.0,740.0,2.79
2022-03-18 12:19:21,0.02,0.0561,-5.0,157.0,740.0,2.78
2022-03-18 12:20:22,0.02,0.0561,-5.0,157.0,741.0,2.79
2022-03-18 12:21:22,0.02,0.0562,-5.0,157.0,740.0,2.81
2022-03-18 12:22:22,0.02,0.0562,-5.0,157.0,740.0,2.79
2022-03-18 12:23:23,0.02,0.0561,-5.0,157.0,742.0,2.79
2022-03-18 12:24:24,0.02,0.0561,-5.0,157.0,741.0,2.78
2022-03-18 12:25:24,0.02,0.0562,-5.0,157.0,740.0,2.8
2022-03-18 12:26:25,0.02,0.0562,-5.0,157.0,741.0,2.81
2022-03-18 12:27:25,0.02,0.0563,-5.0,157.0,741.0,2.79
2022-03-18 12:28:25,0.02,0.0563,-5.0,157.0,740.0,2.81
2022-03-18 12:29:26,0.02,0.0562,-5.0,157.0,740.0,2.79
2022-03-18 12:30:26,0.02,0.0563,-5.0,157.0,742.0,2.81
2022-03-18 12:31:27,0.02,0.0563,-5.0,157.0,740.0,2.79
2022-03-18 12:32:27,0.02,0.0563,-5.0,157.0,740.0,2.8
2022-03-18 12:33:28,0.02,0.0563,-5.0,157.0,740.0,2.78
2022-03-18 12:34:28,0.02,0.0563,-5.0,157.0,740.0,2.8
2022-03-18 12:35:28,0.02,0.0564,-5.0,157.0,740.0,2.8
2022-03-18 12:36:29,0.02,0.0564,-5.0,157.0,740.0,2.82
2022-03-18 12:37:29,0.02,0.0563,-5.0,157.0,740.0,2.79
2022-03-18 12:38:29,0.02,0.0564,-5.0,157.0,740.0,2.79
2022-03-18 12:39:30,0.02,0.0564,-5.0,157.0,740.0,2.8
2022-03-18 12:40:30,0.02,0.0564,-5.0,157.0,740.0,2.79
2022-03-18 12:41:30,0.02,0.0564,-5.0,157.0,740.0,2.8
2022-03-18 12:42:31,0.02,0.0564,-5.0,157.0,740.0,2.78
2022-03-18 12:43:31,0.02,0.0564,-5.0,157.0,741.0,2.79
2022-03-18 12:44:31,0.02,0.0564,-5.0,157.0,740.0,2.77
2022-03-18 12:45:32,0.02,0.0564,-5.0,157.0,740.0,2.8
2022-03-18 12:46:32,0.02,0.0564,-5.0,157.0,740.0,2.8
2022-03-18 12:47:33,0.02,0.0564,-5.0,157.0,740.0,2.78
2022-03-18 12:48:33,0.02,0.0564,-5.0,157.0,740.0,2.79
2022-03-18 12:49:33,0.02,0.0564,-5.0,157.0,739.0,2.78
2022-03-18 12:50:34,0.02,0.0564,-5.0,157.0,740.0,2.77
2022-03-18 12:51:34,0.02,0.0564,-5.0,157.0,740.0,2.76
2022-03-18 12:52:35,0.02,0.0565,-5.0,157.0,741.0,2.79
2022-03-18 12:53:36,0.02,0.0564,-5.0,157.0,740.0,2.78
2022-03-18 12:54:36,0.02,0.0564,-5.0,157.0,741.0,2.78
2022-03-18 12:55:36,0.02,0.0565,-5.0,157.0,741.0,2.79
2022-03-18 12:56:37,0.02,0.0564,-5.0,157.0,740.0,2.79
2022-03-18 12:57:37,0.02,0.0564,-5.0,157.0,740.0,2.79
2022-03-18 12:58:37,0.02,0.0564,-5.0,157.0,740.0,2.77
2022-03-18 12:59:38,0.02,0.0564,-5.0,157.0,740.0,2.79
2022-03-18 13:00:38,0.02,0.0564,-5.0,157.0,740.0,2.8
2022-03-18 13:01:39,0.02,0.0564,-5.0,157.0,740.0,2.78
2022-03-18 13:02:39,0.02,0.0565,-5.0,157.0,740.0,2.76
2022-03-18 13:03:40,0.02,0.0564,-5.0,157.0,740.0,2.79
2022-03-18 13:04:40,0.02,0.0564,-5.0,157.0,740.0,2.77
2022-03-18 13:05:40,0.02,0.0565,-5.0,157.0,741.0,2.77
2022-03-18 13:06:41,0.02,0.0564,-5.0,157.0,740.0,2.78
2022-03-18 13:07:41,0.02,0.0564,-5.0,157.0,740.0,2.78
2022-03-18 13:08:41,0.02,0.0564,-5.0,157.0,740.0,2.78
2022-03-18 13:09:42,0.02,0.0565,-5.0,157.0,740.0,2.76
2022-03-18 13:10:42,0.02,0.0565,-5.0,157.0,741.0,2.76
2022-03-18 13:11:43,0.02,0.0565,-5.0,157.0,739.0,2.77
2022-03-18 13:12:43,0.02,0.0565,-5.0,157.0,741.0,2.75
2022-03-18 13:13:43,0.02,0.0564,-5.0,157.0,740.0,2.76
2022-03-18 13:14:44,0.02,0.0565,-5.0,157.0,740.0,2.78
2022-03-18 13:15:44,0.02,0.0564,-5.0,157.0,740.0,2.79
2022-03-18 13:16:45,0.02,0.0564,-5.0,157.0,740.0,2.76
2022-03-18 13:17:45,0.02,0.0564,-5.0,157.0,740.0,2.78
2022-03-18 13:18:45,0.02,0.0565,-5.0,157.0,740.0,2.78
2022-03-18 13:19:46,0.02,0.0565,-5.0,157.0,740.0,2.76
2022-03-18 13:20:46,0.02,0.0565,-5.0,157.0,740.0,2.78
2022-03-18 13:21:47,0.02,0.0565,-5.0,157.0,740.0,2.78
2022-03-18 13:22:47,0.02,0.0565,-5.0,157.0,741.0,2.77
2022-03-18 13:23:48,0.02,0.0565,-5.0,157.0,740.0,2.77
2022-03-18 13:24:48,0.02,0.0565,-5.0,157.0,740.0,2.76
2022-03-18 13:25:49,0.02,0.0565,-5.0,157.0,739.0,2.76
2022-03-18 13:26:49,0.02,0.0565,-5.0,157.0,739.0,2.76
2022-03-18 13:27:49,0.02,0.0565,-5.0,157.0,740.0,2.76
2022-03-18 13:28:50,0.02,0.0565,-5.0,157.0,740.0,2.76
2022-03-18 13:29:50,0.02,0.0565,-5.0,157.0,740.0,2.76
2022-03-18 13:30:51,0.02,0.0565,-5.0,157.0,740.0,2.77
2022-03-18 13:31:51,0.02,0.0565,-5.0,157.0,740.0,2.76
2022-03-18 13:32:52,0.02,0.0565,-5.0,157.0,739.0,2.76
2022-03-18 13:33:52,0.02,0.0566,-5.0,157.0,740.0,2.76
2022-03-18 13:34:52,0.02,0.0566,-5.0,157.0,740.0,2.77
2022-03-18 13:35:53,0.02,0.0566,-5.0,157.0,740.0,2.75
2022-03-18 13:36:53,0.02,0.0566,-5.0,157.0,740.0,2.77
2022-03-18 13:37:54,0.02,0.0567,-5.0,157.0,740.0,2.77
2022-03-18 13:38:54,0.02,0.0566,-5.0,157.0,740.0,2.76
2022-03-18 13:39:54,0.02,0.0566,-5.0,157.0,740.0,2.77
2022-03-18 13:40:55,0.02,0.0567,-5.0,157.0,741.0,2.78
2022-03-18 13:41:55,0.02,0.0567,-5.0,157.0,740.0,2.78
2022-03-18 13:42:56,0.02,0.0567,-5.0,157.0,740.0,2.79
2022-03-18 13:43:56,0.02,0.0567,-5.0,157.0,740.0,2.78
2022-03-18 13:44:56,0.02,0.0567,-5.0,157.0,740.0,2.77
2022-03-18 13:45:57,0.02,0.0567,-5.0,157.0,740.0,2.78
2022-03-18 13:46:57,0.02,0.0567,-5.0,157.0,740.0,2.78
2022-03-18 13:47:58,0.02,0.0568,-5.0,157.0,741.0,2.78
2022-03-18 13:48:58,0.02,0.0568,-5.0,157.0,740.0,2.79
2022-03-18 13:49:58,0.02,0.0568,-5.0,157.0,740.0,2.79
2022-03-18 13:50:59,0.02,0.0568,-5.0,157.0,740.0,2.77
2022-03-18 13:51:59,0.02,0.0568,-5.0,157.0,742.0,2.79
2022-03-18 13:53:00,0.02,0.0568,-5.0,157.0,740.0,2.78
2022-03-18 13:54:00,0.02,0.0569,-5.0,157.0,740.0,2.76
2022-03-18 13:55:01,0.02,0.0568,-5.0,157.0,741.0,2.77
2022-03-18 13:56:01,0.02,0.0568,-5.0,157.0,740.0,2.77
2022-03-18 13:57:02,0.02,0.0568,-5.0,157.0,740.0,2.77
2022-03-18 13:58:02,0.02,0.057,-5.0,157.0,742.0,2.77
2022-03-18 13:59:03,0.02,0.0568,-5.0,157.0,740.0,2.77
2022-03-18 14:00:03,0.02,0.0568,-5.0,157.0,740.0,2.77
2022-03-18 14:01:04,0.02,0.0569,-5.0,157.0,740.0,2.76
2022-03-18 14:02:04,0.02,0.057,-5.0,157.0,741.0,2.76
2022-03-18 14:03:05,0.02,0.0569,-5.0,157.0,740.0,2.76
2022-03-18 14:04:05,0.02,0.0569,-5.0,157.0,740.0,2.78
2022-03-18 14:05:05,0.02,0.057,-5.0,157.0,741.0,2.76
2022-03-18 14:06:06,0.02,0.057,-5.0,157.0,740.0,2.78
2022-03-18 14:07:06,0.02,0.057,-5.0,157.0,740.0,2.76
2022-03-18 14:08:07,0.02,0.057,-5.0,157.0,741.0,2.76
2022-03-18 14:09:07,0.02,0.057,-5.0,157.0,741.0,2.77
2022-03-18 14:10:08,0.02,0.057,-5.0,157.0,740.0,2.76
2022-03-18 14:11:08,0.02,0.057,-5.0,157.0,741.0,2.76
2022-03-18 14:12:09,0.02,0.0569,-5.0,157.0,740.0,2.78
2022-03-18 14:13:09,0.02,0.057,-5.0,157.0,741.0,2.78
2022-03-18 14:14:10,0.02,0.0569,-5.0,157.0,740.0,2.77
2022-03-18 14:15:10,0.02,0.0569,-5.0,157.0,740.0,2.75
2022-03-18 14:16:10,0.02,0.057,-5.0,157.0,740.0,2.76
2022-03-18 14:17:11,0.02,0.057,-5.0,157.0,740.0,2.75
2022-03-18 14:18:11,0.02,0.0569,-5.0,157.0,740.0,2.75
2022-03-18 14:19:12,0.02,0.057,-5.0,157.0,741.0,2.76
2022-03-18 14:20:12,0.02,0.057,-5.0,157.0,740.0,2.75
2022-03-18 14:21:12,0.02,0.0569,-5.0,157.0,740.0,2.76
2022-03-18 14:22:13,0.02,0.057,-5.0,157.0,741.0,2.75
2022-03-18 14:23:13,0.02,0.057,-5.0,157.0,740.0,2.76
2022-03-18 14:24:13,0.02,0.057,-5.0,157.0,740.0,2.76
2022-03-18 14:25:14,0.02,0.057,-5.0,157.0,741.0,2.77
2022-03-18 14:26:14,0.02,0.057,-5.0,157.0,741.0,2.77
2022-03-18 14:27:15,0.02,0.0569,-5.0,157.0,740.0,2.76
2022-03-18 14:28:15,0.02,0.057,-5.0,157.0,740.0,2.78
2022-03-18 14:29:16,0.02,0.057,-5.0,157.0,740.0,2.77
2022-03-18 14:30:16,0.02,0.057,-5.0,157.0,741.0,2.77
2022-03-18 14:31:16,0.02,0.057,-5.0,157.0,740.0,2.75
2022-03-18 14:32:17,0.02,0.057,-5.0,157.0,740.0,2.75
2022-03-18 14:33:17,0.02,0.057,-5.0,157.0,740.0,2.75
2022-03-18 14:34:18,0.02,0.057,-5.0,157.0,740.0,2.76
2022-03-18 14:35:18,0.02,0.057,-5.0,157.0,741.0,2.75
2022-03-18 14:36:19,0.02,0.057,-5.0,157.0,742.0,2.75
2022-03-18 14:37:19,0.02,0.057,-5.0,157.0,742.0,2.76
2022-03-18 14:38:20,0.02,0.057,-5.0,157.0,741.0,2.77
2022-03-18 14:39:20,0.02,0.057,-5.0,157.0,742.0,2.76
2022-03-18 14:40:20,0.02,0.0571,-5.0,157.0,741.0,2.74
2022-03-18 14:41:21,0.02,0.0571,-5.0,157.0,742.0,2.73
2022-03-18 14:42:21,0.02,0.0572,-5.0,157.0,742.0,2.75
2022-03-18 14:43:22,0.02,0.0571,-5.0,157.0,742.0,2.76
2022-03-18 14:44:22,0.02,0.0571,-5.0,157.0,742.0,2.75
2022-03-18 14:45:22,0.02,0.0571,-5.0,157.0,741.0,2.76
2022-03-18 14:46:23,0.02,0.0572,-5.0,157.0,742.0,2.73
2022-03-18 14:47:23,0.02,0.0572,-5.0,157.0,741.0,2.75
2022-03-18 14:48:23,0.02,0.0572,-5.0,157.0,741.0,2.74
2022-03-18 14:49:24,0.02,0.0572,-5.0,157.0,742.0,2.74
2022-03-18 14:50:24,0.02,0.0573,-5.0,157.0,741.0,2.75
2022-03-18 14:51:25,0.02,0.0571,-5.0,157.0,742.0,2.74
2022-03-18 14:52:25,0.02,0.057,-5.0,157.0,741.0,2.73
2022-03-18 14:53:25,0.02,0.0569,-5.0,157.0,742.0,2.71
2022-03-18 14:54:27,0.02,0.057,-5.0,157.0,742.0,2.72
2022-03-18 14:55:28,0.02,0.0569,-5.0,157.0,741.0,2.71
2022-03-18 14:56:28,0.02,0.0567,-5.0,157.0,741.0,2.73
2022-03-18 14:57:29,0.02,0.0565,-5.0,157.0,741.0,2.72
2022-03-18 14:58:29,0.02,0.0565,-5.0,157.0,741.0,2.71
2022-03-18 14:59:30,0.02,0.0565,-5.0,157.0,741.0,2.7
2022-03-18 15:00:30,0.02,0.0565,-5.0,157.0,741.0,2.7
2022-03-18 15:01:30,0.02,0.0563,-5.0,157.0,742.0,2.7
2022-03-18 15:02:31,0.02,0.0561,-5.0,157.0,741.0,2.69
2022-03-18 15:03:31,0.02,0.0561,-5.0,157.0,742.0,2.71
2022-03-18 15:04:32,0.02,0.0561,-5.0,157.0,741.0,2.74
2022-03-18 15:05:32,0.02,0.0561,-5.0,157.0,741.0,2.72
2022-03-18 15:06:33,0.02,0.0561,-5.0,157.0,741.0,2.72
2022-03-18 15:07:34,0.02,0.056,-5.0,157.0,742.0,2.72
2022-03-18 15:08:34,0.02,0.056,-5.0,157.0,742.0,2.71
2022-03-18 15:09:34,0.02,0.0559,-5.0,157.0,741.0,2.72
2022-03-18 15:10:35,0.02,0.0558,-5.0,157.0,741.0,2.72
2022-03-18 15:11:36,0.02,0.0557,-5.0,157.0,741.0,2.72
2022-03-18 15:12:36,0.02,0.0557,-5.0,157.0,742.0,2.72
2022-03-18 15:13:36,0.02,0.0557,-5.0,157.0,742.0,2.73
2022-03-18 15:14:37,0.02,0.0557,-5.0,157.0,742.0,2.72
2022-03-18 15:15:37,0.02,0.0557,-5.0,157.0,741.0,2.73
2022-03-18 15:16:38,0.02,0.0557,-5.0,157.0,742.0,1.86
2022-03-18 15:17:38,1.35,0.0557,-5.0,157.0,742.0,1.66
2022-03-18 15:18:39,0.758,0.0558,-5.0,157.0,741.0,0.7929999999999999
2022-03-18 15:19:39,0.198,0.0557,-5.0,157.0,741.0,0.154
2022-03-18 15:20:40,0.121,0.0557,-5.0,157.0,741.0,0.0801
2022-03-18 15:21:41,0.105,0.0557,-5.0,157.0,740.0,0.0659
2022-03-18 15:22:41,0.0912,0.0557,-5.0,157.0,740.0,0.0572
2022-03-18 15:23:42,0.0816,0.0557,-5.0,157.0,740.0,0.0509
2022-03-18 15:24:42,0.0744,0.0557,-5.0,157.0,740.0,0.0457
2022-03-18 15:25:43,0.0687,0.0557,-5.0,157.0,741.0,0.0419
2022-03-18 15:26:43,0.0645,0.0557,-5.0,157.0,741.0,0.0387
2022-03-18 15:27:44,0.0605,0.0557,-5.0,157.0,740.0,0.036
2022-03-18 15:28:45,0.0568,0.0557,-5.0,157.0,740.0,0.0337
2022-03-18 15:29:45,0.0539,0.0557,-5.0,157.0,740.0,0.0318
2022-03-18 15:30:46,0.0514,0.0557,-5.0,157.0,740.0,0.0302
2022-03-18 15:31:46,0.0491,0.0557,-5.0,157.0,740.0,0.0289
2022-03-18 15:32:47,0.0473,0.0557,-5.0,157.0,740.0,0.0277
2022-03-18 15:33:47,0.0458,0.0557,-5.0,157.0,740.0,0.0265
2022-03-18 15:34:48,0.0444,0.0557,-5.0,157.0,740.0,0.0256
2022-03-18 15:35:48,0.0429,0.0557,-5.0,157.0,740.0,0.0245
2022-03-18 15:36:49,0.0419,0.0557,-5.0,157.0,740.0,0.0238
2022-03-18 15:37:49,0.0408,0.0557,-5.0,157.0,742.0,0.023
2022-03-18 15:38:50,0.0396,0.0557,-5.0,157.0,742.0,0.0223
2022-03-18 15:39:51,0.0384,0.0557,-5.0,157.0,741.0,0.0218
2022-03-18 15:40:51,0.0374,0.0557,-5.0,157.0,742.0,0.0211
2022-03-18 15:41:52,0.0364,0.0556,-5.0,157.0,742.0,0.0207
2022-03-18 15:42:52,0.0357,0.0557,-5.0,157.0,742.0,0.0202
2022-03-18 15:43:53,0.035,0.0557,-5.0,157.0,742.0,0.0198
2022-03-18 15:44:53,0.0343,0.0557,-5.0,157.0,742.0,0.0194
2022-03-18 15:45:54,0.0336,0.0557,-5.0,157.0,741.0,0.019
2022-03-18 15:46:54,0.0329,0.0557,-5.0,157.0,741.0,0.0187
2022-03-18 15:47:55,0.0323,0.0557,-5.0,157.0,742.0,0.0184
2022-03-18 15:48:56,0.0317,0.0557,-5.0,157.0,742.0,0.0181
2022-03-18 15:49:56,0.0312,0.0557,-5.0,157.0,742.0,0.0179
2022-03-18 15:50:57,0.0308,0.0557,-5.0,157.0,742.0,0.0176
2022-03-18 15:51:57,0.0305,0.0558,-5.0,157.0,741.0,0.0173
2022-03-18 15:52:58,0.03,0.0558,-5.0,157.0,742.0,0.017
2022-03-18 15:53:59,0.0297,0.0558,-5.0,157.0,741.0,0.0168
2022-03-18 15:54:59,0.0294,0.0559,-5.0,157.0,742.0,0.0166
2022-03-18 15:56:00,0.029,0.0558,-5.0,157.0,742.0,0.0163
2022-03-18 15:57:00,0.0287,0.0559,-5.0,157.0,741.0,0.0162
2022-03-18 15:58:01,0.0284,0.0559,-5.0,157.0,743.0,0.016
2022-03-18 15:59:01,0.028,0.056,-5.0,157.0,743.0,0.0158
2022-03-18 16:00:02,0.0278,0.0561,-5.0,157.0,743.0,0.0156
2022-03-18 16:01:03,0.0275,0.0561,-5.0,157.0,744.0,0.0154
2022-03-18 16:02:03,0.0272,0.0561,-5.0,157.0,742.0,0.0153
2022-03-18 16:03:03,0.027,0.0561,-5.0,157.0,743.0,0.0151
2022-03-18 16:04:04,0.0267,0.0561,-5.0,157.0,743.0,0.015
2022-03-18 16:05:05,0.0265,0.0561,-5.0,157.0,742.0,0.0148
2022-03-18 16:06:05,0.0264,0.0561,-5.0,157.0,743.0,0.0147
2022-03-18 16:07:06,0.026,0.0561,-5.0,157.0,743.0,0.0144
2022-03-18 16:08:06,0.0258,0.0561,-6.0,157.0,743.0,0.0142
2022-03-18 16:09:07,0.0255,0.0561,-7.0,157.0,743.0,0.0141
2022-03-18 16:10:07,0.0252,0.0561,-7.0,157.0,743.0,0.0139
2022-03-18 16:11:08,0.016,0.0561,-7.0,157.0,743.0,0.008190000000000001
2022-03-18 16:12:08,0.00886,0.0562,-7.0,158.0,743.0,0.0040100000000000005
2022-03-18 16:13:09,0.0048,0.0563,-7.0,158.0,742.0,0.00209
2022-03-18 16:14:10,0.0029,0.0563,-7.0,157.0,742.0,0.00121
2022-03-18 16:15:10,0.00182,0.0564,-7.0,157.0,742.0,0.000758
2022-03-18 16:16:11,0.0011300000000000001,0.0565,-7.0,157.0,743.0,0.00053
2022-03-18 16:17:12,0.000749,0.0564,-7.0,158.0,742.0,0.0005009999999999999
2022-03-18 16:18:12,0.00054,0.0566,-7.0,158.0,742.0,0.0005009999999999999
2022-03-18 16:19:13,0.000405,0.0566,-7.0,158.0,743.0,0.0005009999999999999
2022-03-18 16:20:13,0.000317,0.0566,-7.0,157.0,743.0,0.0005009999999999999
2022-03-18 16:21:13,0.000258,0.0566,-7.0,158.0,742.0,0.0005009999999999999
2022-03-18 16:22:14,0.000195,0.0565,-7.0,158.0,742.0,0.0005009999999999999
2022-03-18 16:23:15,0.000155,0.0565,-7.0,158.0,744.0,0.0005009999999999999
2022-03-18 16:24:15,0.000129,0.0565,-7.0,158.0,743.0,0.0005009999999999999
2022-03-18 16:25:16,0.00011100000000000001,0.0567,-7.0,158.0,744.0,0.0005009999999999999
2022-03-18 16:26:16,9.719999999999999e-05,0.0567,-7.0,158.0,744.0,0.0005009999999999999
2022-03-18 16:27:17,8.79e-05,0.0567,-7.0,158.0,744.0,0.0005009999999999999
2022-03-18 16:28:18,8.070000000000001e-05,0.0568,-7.0,158.0,743.0,0.0005009999999999999
2022-03-18 16:29:18,7.53e-05,0.0569,-7.0,158.0,743.0,0.0005009999999999999
2022-03-18 16:30:19,7.04e-05,0.0569,-7.0,158.0,744.0,0.0005009999999999999
2022-03-18 16:31:19,6.65e-05,0.057,-7.0,158.0,743.0,0.0005009999999999999
2022-03-18 16:32:20,6.38e-05,0.057,-7.0,158.0,743.0,0.0005009999999999999
2022-03-18 16:33:20,6.15e-05,0.057,-7.0,158.0,744.0,0.0005009999999999999
2022-03-18 16:34:21,5.9699999999999994e-05,0.057,-7.0,157.0,744.0,0.0005009999999999999
2022-03-18 16:35:22,5.7799999999999995e-05,0.057,-7.0,158.0,745.0,0.0005009999999999999
2022-03-18 16:36:22,5.6399999999999995e-05,0.057,-7.0,157.0,744.0,0.0005009999999999999
2022-03-18 16:37:23,5.5299999999999996e-05,0.057,-7.0,158.0,743.0,0.0005009999999999999
2022-03-18 16:38:23,5.39e-05,0.057,-7.0,158.0,743.0,0.0005009999999999999
2022-03-18 16:39:24,5.24e-05,0.057,-7.0,157.0,744.0,0.0005009999999999999
2022-03-18 16:40:24,5.12e-05,0.057,-7.0,158.0,744.0,0.0005009999999999999
2022-03-18 16:41:25,5.03e-05,0.057,-7.0,158.0,745.0,0.0005009999999999999
2022-03-18 16:42:25,4.94e-05,0.057,-7.0,157.0,745.0,0.0005009999999999999
2022-03-18 16:43:26,4.8700000000000005e-05,0.0571,-7.0,158.0,745.0,0.0005009999999999999
2022-03-18 16:44:26,4.8e-05,0.0571,-7.0,158.0,745.0,0.0005009999999999999
2022-03-18 16:45:27,4.7499999999999996e-05,0.0571,-7.0,158.0,745.0,0.0005009999999999999
2022-03-18 16:46:27,4.6899999999999995e-05,0.0571,-7.0,158.0,745.0,0.0005009999999999999
2022-03-18 16:47:28,4.6299999999999994e-05,0.0571,-7.0,158.0,745.0,0.0005009999999999999
2022-03-18 16:48:29,4.6e-05,0.0572,-7.0,158.0,745.0,0.0005009999999999999
2022-03-18 16:49:29,4.54e-05,0.0572,-7.0,158.0,745.0,0.0005009999999999999
2022-03-18 16:50:30,4.5e-05,0.0573,-7.0,158.0,745.0,0.0005009999999999999
2022-03-18 16:51:30,4.45e-05,0.0572,-7.0,158.0,745.0,0.0005009999999999999
2022-03-18 16:52:31,4.429999999999999e-05,0.0574,-7.0,158.0,744.0,0.0005009999999999999
2022-03-18 16:53:31,4.4e-05,0.0574,-7.0,158.0,745.0,0.0005009999999999999
2022-03-18 16:54:32,4.36e-05,0.0574,-7.0,158.0,745.0,0.0005009999999999999
2022-03-18 16:55:32,4.3200000000000007e-05,0.0574,-7.0,158.0,745.0,0.0005009999999999999
2022-03-18 16:56:33,4.3e-05,0.0574,-7.0,158.0,745.0,0.0005009999999999999
2022-03-18 16:57:34,4.26e-05,0.0574,-7.0,158.0,745.0,0.0005009999999999999
2022-03-18 16:58:34,4.23e-05,0.0574,-7.0,158.0,745.0,0.0005009999999999999
2022-03-18 16:59:35,4.1899999999999995e-05,0.0574,-7.0,158.0,745.0,0.0005009999999999999
2022-03-18 17:00:35,4.16e-05,0.0576,-6.0,158.0,745.0,0.0005009999999999999
2022-03-18 17:01:36,4.14e-05,0.0575,-7.0,158.0,745.0,0.0005009999999999999
2022-03-18 17:02:36,4.11e-05,0.0575,-6.0,158.0,747.0,0.0005009999999999999
2022-03-18 17:03:37,4.0799999999999996e-05,0.0575,-7.0,158.0,745.0,0.0005009999999999999
2022-03-18 17:04:37,4.0600000000000004e-05,0.0575,-7.0,158.0,746.0,0.0005009999999999999
2022-03-18 17:05:38,4.04e-05,0.0575,-7.0,158.0,746.0,0.0005009999999999999
2022-03-18 17:06:38,4.01e-05,0.0575,-6.0,158.0,746.0,0.0005009999999999999
2022-03-18 17:07:39,3.9899999999999994e-05,0.0575,-7.0,158.0,745.0,0.0005009999999999999
2022-03-18 17:08:39,3.97e-05,0.0576,-7.0,158.0,745.0,0.0005009999999999999
2022-03-18 17:09:40,3.9500000000000005e-05,0.0575,-6.0,158.0,746.0,0.0005009999999999999
2022-03-18 17:10:41,3.91e-05,0.0575,-7.0,158.0,747.0,0.0005009999999999999
2022-03-18 17:11:41,3.9e-05,0.0575,-7.0,158.0,746.0,0.0005009999999999999
2022-03-18 17:12:42,3.8799999999999994e-05,0.0576,-7.0,158.0,746.0,0.0005009999999999999
2022-03-18 17:13:42,3.85e-05,0.0576,-7.0,158.0,745.0,0.0005009999999999999
2022-03-18 17:14:43,3.84e-05,0.0576,-7.0,158.0,746.0,0.0005009999999999999
2022-03-18 17:15:43,3.8e-05,0.0576,-7.0,158.0,746.0,0.0005009999999999999
2022-03-18 17:16:44,3.78e-05,0.0576,-7.0,158.0,746.0,0.0005009999999999999
2022-03-18 17:17:44,3.76e-05,0.0577,-6.0,158.0,746.0,0.0005009999999999999
2022-03-18 17:18:45,3.75e-05,0.0577,-7.0,158.0,746.0,0.0005009999999999999
2022-03-18 17:19:45,3.72e-05,0.0577,-7.0,158.0,746.0,0.0005009999999999999
2022-03-18 17:20:46,3.7e-05,0.0577,-6.0,158.0,746.0,0.0005009999999999999
2022-03-18 17:21:46,3.6700000000000004e-05,0.0577,-6.0,158.0,746.0,0.0005009999999999999
2022-03-18 17:22:47,3.65e-05,0.0577,-6.0,158.0,746.0,0.0005009999999999999
2022-03-18 17:23:47,3.6200000000000006e-05,0.0577,-6.0,158.0,746.0,0.0005009999999999999
2022-03-18 17:24:48,3.6e-05,0.0577,-6.0,158.0,746.0,0.0005009999999999999
2022-03-18 17:25:48,3.59e-05,0.0577,-6.0,158.0,746.0,0.0005009999999999999
2022-03-18 17:26:49,3.5600000000000005e-05,0.0578,-6.0,158.0,746.0,0.0005009999999999999
2022-03-18 17:27:49,3.5499999999999996e-05,0.0579,-7.0,158.0,746.0,0.0005009999999999999
2022-03-18 17:28:50,3.52e-05,0.0579,-7.0,158.0,746.0,0.0005009999999999999
2022-03-18 17:29:51,3.5e-05,0.058,-6.0,158.0,747.0,0.0005009999999999999
2022-03-18 17:30:51,3.4899999999999995e-05,0.058,-7.0,158.0,747.0,0.0005009999999999999
2022-03-18 17:31:52,3.47e-05,0.058,-6.0,158.0,746.0,0.0005009999999999999
2022-03-18 17:32:53,3.45e-05,0.058,-6.0,158.0,747.0,0.0005009999999999999
2022-03-18 17:33:53,3.4200000000000005e-05,0.058,-6.0,158.0,746.0,0.0005009999999999999
2022-03-18 17:34:54,3.4e-05,0.058,-6.0,158.0,746.0,0.0005009999999999999
2022-03-18 17:35:55,3.3799999999999995e-05,0.058,-6.0,158.0,747.0,0.0005009999999999999
2022-03-18 17:36:55,3.3600000000000004e-05,0.058,-6.0,158.0,746.0,0.0005009999999999999
2022-03-18 17:37:55,3.3299999999999996e-05,0.058,-6.0,158.0,746.0,0.0005009999999999999
2022-03-18 17:38:56,3.3e-05,0.058,-6.0,158.0,747.0,0.0005009999999999999
2022-03-18 17:39:57,3.289999999999999e-05,0.058,-6.0,158.0,747.0,0.0005009999999999999
2022-03-18 17:40:57,3.26e-05,0.058,-6.0,158.0,747.0,0.0005009999999999999
2022-03-18 17:41:58,3.2500000000000004e-05,0.058,-6.0,158.0,747.0,0.0005009999999999999
2022-03-18 17:42:58,3.24e-05,0.058,-6.0,158.0,746.0,0.0005009999999999999
2022-03-18 17:43:59,3.21e-05,0.058,-6.0,158.0,747.0,0.0005009999999999999
2022-03-18 17:44:59,3.18e-05,0.058,-6.0,158.0,746.0,0.0005009999999999999
2022-03-18 17:46:00,3.2e-05,0.058,-6.0,158.0,747.0,0.0005009999999999999
2022-03-18 17:47:00,3.16e-05,0.058,-6.0,158.0,747.0,0.0005009999999999999
2022-03-18 17:48:01,3.12e-05,0.058,-6.0,158.0,746.0,0.0005009999999999999
2022-03-18 17:49:02,3.0799999999999996e-05,0.0581,-6.0,158.0,747.0,0.0005009999999999999
2022-03-18 17:50:02,3.05e-05,0.058,-6.0,158.0,746.0,0.0005009999999999999
2022-03-18 17:51:03,3.01e-05,0.0581,-6.0,158.0,746.0,0.0005009999999999999
2022-03-18 17:52:03,2.99e-05,0.0581,-6.0,158.0,748.0,0.0005009999999999999
2022-03-18 17:53:04,2.9600000000000005e-05,0.0581,-6.0,158.0,746.0,0.0005009999999999999
2022-03-18 17:54:04,2.9299999999999997e-05,0.0582,-6.0,158.0,747.0,0.0005009999999999999
2022-03-18 17:55:05,2.8999999999999997e-05,0.058,-6.0,158.0,746.0,0.0005009999999999999
2022-03-18 17:56:05,2.8699999999999996e-05,0.058,-6.0,158.0,748.0,0.0005009999999999999
2022-03-18 17:57:06,2.84e-05,0.0582,-6.0,158.0,747.0,0.0005009999999999999
2022-03-18 17:58:06,2.8000000000000003e-05,0.0581,-6.0,158.0,746.0,0.0005009999999999999
2022-03-18 17:59:07,2.78e-05,0.0581,-6.0,158.0,746.0,0.0005009999999999999
2022-03-18 18:00:07,2.75e-05,0.0581,-6.0,158.0,747.0,0.0005009999999999999
2022-03-18 18:01:08,2.72e-05,0.0582,-6.0,158.0,747.0,0.0005009999999999999
2022-03-18 18:02:09,2.68e-05,0.0582,-6.0,158.0,746.0,0.0005009999999999999
2022-03-18 18:03:09,2.6600000000000003e-05,0.0583,-6.0,158.0,746.0,0.0005009999999999999
2022-03-18 18:04:10,2.6300000000000002e-05,0.0582,-6.0,158.0,746.0,0.0005009999999999999
2022-03-18 18:05:10,2.6000000000000002e-05,0.0582,-6.0,158.0,746.0,0.0005009999999999999
2022-03-18 18:06:11,2.58e-05,0.0583,-6.0,158.0,746.0,0.0005009999999999999
2022-03-18 18:07:11,2.55e-05,0.0582,-6.0,158.0,746.0,0.0005009999999999999
2022-03-18 18:08:12,2.5300000000000002e-05,0.0583,-6.0,158.0,747.0,0.0005009999999999999
2022-03-18 18:09:12,2.51e-05,0.0583,-6.0,158.0,747.0,0.0005009999999999999
2022-03-18 18:10:13,2.49e-05,0.0583,-6.0,158.0,748.0,0.0005009999999999999
2022-03-18 18:11:13,2.47e-05,0.0583,-6.0,158.0,747.0,0.0005009999999999999
2022-03-18 18:12:14,2.44e-05,0.0584,-6.0,158.0,748.0,0.0005009999999999999
2022-03-18 18:13:15,2.42e-05,0.0584,-6.0,158.0,748.0,0.0005009999999999999
2022-03-18 18:14:15,2.4e-05,0.0584,-6.0,158.0,748.0,0.0005009999999999999
2022-03-18 18:15:15,2.3800000000000003e-05,0.0584,-6.0,158.0,748.0,0.0005009999999999999
2022-03-18 18:16:16,2.42e-05,0.0584,-6.0,158.0,748.0,0.0005009999999999999
2022-03-18 18:17:17,2.34e-05,0.0585,-6.0,158.0,748.0,0.0005009999999999999
2022-03-18 18:18:17,2.33e-05,0.0584,-6.0,158.0,748.0,0.0005009999999999999
2022-03-18 18:19:18,2.3100000000000002e-05,0.0585,-6.0,158.0,747.0,0.0005009999999999999
2022-03-18 18:20:19,2.2899999999999998e-05,0.0584,-6.0,158.0,747.0,0.0005009999999999999
2022-03-18 18:21:19,2.27e-05,0.0585,-6.0,158.0,748.0,0.0005009999999999999
2022-03-18 18:22:20,2.27e-05,0.0585,-6.0,158.0,747.0,0.0005009999999999999
2022-03-18 18:23:20,2.25e-05,0.0584,-6.0,158.0,748.0,0.0005009999999999999
2022-03-18 18:24:20,2.24e-05,0.0585,-6.0,158.0,748.0,0.0005009999999999999
2022-03-18 18:25:21,2.22e-05,0.0585,-6.0,158.0,749.0,0.0005009999999999999
2022-03-18 18:26:21,2.2100000000000002e-05,0.0585,-6.0,158.0,748.0,0.0005009999999999999
2022-03-18 18:27:22,2.2e-05,0.0585,-6.0,158.0,748.0,0.0005009999999999999
2022-03-18 18:28:23,2.1899999999999997e-05,0.0585,-6.0,158.0,748.0,0.0005009999999999999
2022-03-18 18:29:23,2.17e-05,0.0584,-6.0,158.0,748.0,0.0005009999999999999
2022-03-18 18:30:24,2.1600000000000003e-05,0.0585,-6.0,158.0,748.0,0.0005009999999999999
2022-03-18 18:31:24,2.15e-05,0.0585,-6.0,158.0,748.0,0.0005009999999999999
2022-03-18 18:32:25,2.14e-05,0.0585,-6.0,158.0,748.0,0.0005009999999999999
2022-03-18 18:33:26,2.12e-05,0.0586,-6.0,158.0,748.0,0.0005009999999999999
2022-03-18 18:34:26,2.11e-05,0.0586,-6.0,158.0,748.0,0.0005009999999999999
2022-03-18 18:35:27,2.1e-05,0.0585,-6.0,158.0,748.0,0.0005009999999999999
2022-03-18 18:36:27,2.08e-05,0.0585,-6.0,158.0,748.0,0.0005009999999999999
2022-03-18 18:37:28,2.07e-05,0.0585,-6.0,158.0,748.0,0.0005009999999999999
2022-03-18 18:38:29,2.0600000000000003e-05,0.0584,-6.0,158.0,748.0,0.0005009999999999999
2022-03-18 18:39:29,2.0399999999999998e-05,0.0585,-6.0,158.0,747.0,0.0005009999999999999
2022-03-18 18:40:30,2.0399999999999998e-05,0.0585,-6.0,158.0,748.0,0.0005009999999999999
2022-03-18 18:41:30,2.0300000000000002e-05,0.0585,-6.0,158.0,748.0,0.0005009999999999999
2022-03-18 18:42:31,2.02e-05,0.0585,-6.0,158.0,748.0,0.0005009999999999999
2022-03-18 18:43:32,2e-05,0.0585,-6.0,158.0,748.0,0.0005009999999999999
2022-03-18 18:44:32,2e-05,0.0585,-6.0,158.0,748.0,0.0005009999999999999
2022-03-18 18:45:33,1.98e-05,0.0585,-6.0,158.0,748.0,0.0005009999999999999
2022-03-18 18:46:33,1.98e-05,0.0585,-6.0,158.0,748.0,0.0005009999999999999
2022-03-18 18:47:34,1.9699999999999998e-05,0.0585,-6.0,158.0,747.0,0.0005009999999999999
2022-03-18 18:48:34,1.9600000000000002e-05,0.0585,-6.0,158.0,747.0,0.0005009999999999999
2022-03-18 18:49:35,1.95e-05,0.0585,-6.0,158.0,748.0,0.0005009999999999999
2022-03-18 18:50:36,1.9399999999999997e-05,0.0586,-6.0,158.0,749.0,0.0005009999999999999
2022-03-18 18:51:36,1.92e-05,0.0586,-6.0,158.0,748.0,0.0005009999999999999
2022-03-18 18:52:37,1.92e-05,0.0586,-6.0,158.0,747.0,0.0005009999999999999
2022-03-18 18:53:37,1.9e-05,0.0585,-6.0,158.0,747.0,0.0005009999999999999
2022-03-18 18:54:37,1.9e-05,0.0586,-6.0,158.0,748.0,0.0005009999999999999
2022-03-18 18:55:38,1.89e-05,0.0587,-6.0,158.0,749.0,0.0005009999999999999
2022-03-18 18:56:39,1.89e-05,0.0587,-6.0,158.0,748.0,0.0005009999999999999
2022-03-18 18:57:39,1.87e-05,0.0587,-6.0,158.0,748.0,0.0005009999999999999
2022-03-18 18:58:40,1.86e-05,0.0587,-6.0,157.0,748.0,0.0005009999999999999
2022-03-18 18:59:40,1.85e-05,0.0587,-6.0,158.0,749.0,0.0005009999999999999
2022-03-18 19:00:41,1.85e-05,0.0587,-6.0,158.0,747.0,0.0005009999999999999
2022-03-18 19:01:41,1.83e-05,0.0587,-6.0,158.0,747.0,0.0005009999999999999
2022-03-18 19:02:42,1.82e-05,0.0587,-6.0,157.0,747.0,0.0005009999999999999
2022-03-18 19:03:42,1.82e-05,0.0587,-6.0,158.0,747.0,0.0005009999999999999
2022-03-18 19:04:43,1.8e-05,0.0587,-6.0,157.0,748.0,0.0005009999999999999
2022-03-18 19:05:43,1.8e-05,0.0587,-6.0,158.0,747.0,0.0005009999999999999
2022-03-18 19:06:44,1.7800000000000002e-05,0.0587,-6.0,158.0,747.0,0.0005009999999999999
2022-03-18 19:07:44,1.7800000000000002e-05,0.0587,-6.0,158.0,747.0,0.0005009999999999999
2022-03-18 19:08:45,1.77e-05,0.0588,-6.0,158.0,748.0,0.0005009999999999999
2022-03-18 19:09:45,1.76e-05,0.0588,-6.0,158.0,747.0,0.0005009999999999999
2022-03-18 19:10:46,1.75e-05,0.0588,-6.0,158.0,748.0,0.0005009999999999999
2022-03-18 19:11:47,1.74e-05,0.0589,-6.0,158.0,748.0,0.0005009999999999999
2022-03-18 19:12:47,1.73e-05,0.0588,-6.0,158.0,748.0,0.0005009999999999999
2022-03-18 19:13:48,1.7199999999999998e-05,0.0589,-6.0,158.0,749.0,0.0005009999999999999
2022-03-18 19:14:48,1.7100000000000002e-05,0.0588,-6.0,158.0,748.0,0.0005009999999999999
2022-03-18 19:15:49,1.7e-05,0.0589,-6.0,157.0,748.0,0.0005009999999999999
2022-03-18 19:16:49,1.7800000000000002e-05,0.0588,-6.0,157.0,748.0,0.0005009999999999999
2022-03-18 19:17:50,1.7800000000000002e-05,0.0589,-6.0,157.0,749.0,0.0005009999999999999
2022-03-18 19:18:50,1.77e-05,0.059,-6.0,158.0,748.0,0.0005009999999999999
2022-03-18 19:19:51,1.76e-05,0.0589,-6.0,158.0,748.0,0.0005009999999999999
2022-03-18 19:20:52,1.75e-05,0.059,-6.0,158.0,748.0,0.0005009999999999999
2022-03-18 19:21:52,1.74e-05,0.059,-6.0,158.0,748.0,0.0005009999999999999
2022-03-18 19:22:53,1.74e-05,0.0589,-6.0,158.0,748.0,0.0005009999999999999
2022-03-18 19:23:53,1.7199999999999998e-05,0.059,-6.0,158.0,748.0,0.0005009999999999999
2022-03-18 19:24:54,1.7100000000000002e-05,0.059,-6.0,158.0,747.0,0.0005009999999999999
2022-03-18 19:25:55,1.7e-05,0.0589,-6.0,158.0,748.0,0.0005009999999999999
2022-03-18 19:26:55,1.6899999999999997e-05,0.0589,-6.0,158.0,748.0,0.0005009999999999999
2022-03-18 19:27:56,1.6800000000000002e-05,0.0589,-6.0,158.0,748.0,0.0005009999999999999
2022-03-18 19:28:56,1.66e-05,0.059,-6.0,157.0,748.0,0.0005009999999999999
2022-03-18 19:29:57,1.65e-05,0.059,-6.0,158.0,748.0,0.0005009999999999999
2022-03-18 19:30:57,1.64e-05,0.0589,-6.0,157.0,748.0,0.0005009999999999999
2022-03-18 19:31:58,1.63e-05,0.059,-6.0,157.0,747.0,0.0005009999999999999
2022-03-18 19:32:59,1.62e-05,0.0589,-6.0,158.0,748.0,0.0005009999999999999
2022-03-18 19:33:59,1.62e-05,0.059,-6.0,158.0,749.0,0.0005009999999999999
2022-03-18 19:35:00,1.6100000000000002e-05,0.059,-6.0,158.0,748.0,0.0005009999999999999
2022-03-18 19:36:00,1.6e-05,0.0589,-6.0,158.0,748.0,0.0005009999999999999
2022-03-18 19:37:01,1.59e-05,0.0589,-6.0,158.0,747.0,0.0005009999999999999
2022-03-18 19:38:02,1.59e-05,0.059,-6.0,158.0,748.0,0.0005009999999999999
2022-03-18 19:39:02,1.58e-05,0.059,-6.0,158.0,749.0,0.0005009999999999999
2022-03-18 19:40:03,1.57e-05,0.0589,-6.0,158.0,748.0,0.0005009999999999999
2022-03-18 19:41:03,1.56e-05,0.059,-6.0,158.0,747.0,0.0005009999999999999
2022-03-18 19:42:04,1.55e-05,0.0589,-6.0,158.0,749.0,0.0005009999999999999
2022-03-18 19:43:04,1.5399999999999998e-05,0.059,-6.0,157.0,748.0,0.0005009999999999999
2022-03-18 19:44:05,1.53e-05,0.0589,-6.0,158.0,748.0,0.0005009999999999999
2022-03-18 19:45:05,1.53e-05,0.0589,-6.0,158.0,748.0,0.0005009999999999999
2022-03-18 19:46:06,1.52e-05,0.059,-6.0,158.0,748.0,0.0005009999999999999
2022-03-18 19:47:06,1.51e-05,0.0589,-6.0,158.0,748.0,0.0005009999999999999
2022-03-18 19:48:07,1.4999999999999999e-05,0.059,-6.0,158.0,748.0,0.0005009999999999999
2022-03-18 19:49:08,1.49e-05,0.059,-6.0,158.0,749.0,0.0005009999999999999
2022-03-18 19:50:08,1.49e-05,0.059,-6.0,157.0,749.0,0.0005009999999999999
2022-03-18 19:51:09,1.47e-05,0.059,-6.0,158.0,749.0,0.0005009999999999999
2022-03-18 19:52:09,1.47e-05,0.059,-5.0,157.0,747.0,0.0005009999999999999
2022-03-18 19:53:10,1.4599999999999999e-05,0.059,-5.0,158.0,747.0,0.0005009999999999999
2022-03-18 19:54:10,1.4499999999999998e-05,0.059,-6.0,157.0,748.0,0.0005009999999999999
2022-03-18 19:55:11,1.4400000000000001e-05,0.059,-6.0,158.0,748.0,0.0005009999999999999
2022-03-18 19:56:12,1.4400000000000001e-05,0.059,-5.0,158.0,749.0,0.0005009999999999999
2022-03-18 19:57:12,1.4300000000000002e-05,0.059,-6.0,157.0,749.0,0.0005009999999999999
2022-03-18 19:58:13,1.42e-05,0.059,-6.0,158.0,748.0,0.0005009999999999999
2022-03-18 19:59:13,1.42e-05,0.059,-6.0,157.0,748.0,0.0005009999999999999
2022-03-18 20:00:14,1.4099999999999999e-05,0.0591,-6.0,158.0,747.0,0.0005009999999999999
2022-03-18 20:01:14,1.4000000000000001e-05,0.059,-6.0,158.0,749.0,0.0005009999999999999
2022-03-18 20:02:15,1.4000000000000001e-05,0.0591,-6.0,158.0,748.0,0.0005009999999999999
2022-03-18 20:03:16,1.39e-05,0.0591,-6.0,158.0,748.0,0.0005009999999999999
2022-03-18 20:04:16,1.3699999999999998e-05,0.059,-6.0,157.0,748.0,0.0005009999999999999
2022-03-18 20:05:17,1.36e-05,0.059,-6.0,157.0,748.0,0.0005009999999999999
2022-03-18 20:06:17,1.34e-05,0.0591,-6.0,157.0,748.0,0.0005009999999999999
2022-03-18 20:07:18,1.34e-05,0.0592,-6.0,158.0,748.0,0.0005009999999999999
2022-03-18 20:08:18,1.3300000000000001e-05,0.0593,-6.0,158.0,748.0,0.0005009999999999999
2022-03-18 20:09:19,1.31e-05,0.0591,-6.0,158.0,749.0,0.0005009999999999999
2022-03-18 20:10:20,1.31e-05,0.0593,-6.0,158.0,749.0,0.0005009999999999999
2022-03-18 20:11:20,1.29e-05,0.0592,-6.0,158.0,748.0,0.0005009999999999999
2022-03-18 20:12:21,1.29e-05,0.0591,-6.0,158.0,748.0,0.0005009999999999999
2022-03-18 20:13:21,1.27e-05,0.0593,-6.0,158.0,748.0,0.0005009999999999999
2022-03-18 20:14:22,1.26e-05,0.0593,-6.0,158.0,749.0,0.0005009999999999999
2022-03-18 20:15:23,1.25e-05,0.0593,-6.0,158.0,749.0,0.0005009999999999999
2022-03-18 20:16:23,1.27e-05,0.0593,-6.0,158.0,750.0,0.0005009999999999999
2022-03-18 20:17:24,1.25e-05,0.0593,-6.0,158.0,748.0,0.0005009999999999999
2022-03-18 20:18:24,1.24e-05,0.0593,-6.0,158.0,748.0,0.0005009999999999999
2022-03-18 20:19:25,1.25e-05,0.0593,-6.0,158.0,747.0,0.0005009999999999999
2022-03-18 20:20:25,1.23e-05,0.0593,-6.0,158.0,748.0,0.0005009999999999999
2022-03-18 20:21:26,1.22e-05,0.0594,-6.0,157.0,748.0,0.0005009999999999999
2022-03-18 20:22:27,1.21e-05,0.0594,-6.0,157.0,748.0,0.0005009999999999999
2022-03-18 20:23:27,1.2e-05,0.0593,-6.0,158.0,748.0,0.0005009999999999999
2022-03-18 20:24:28,1.21e-05,0.0593,-6.0,157.0,749.0,0.0005009999999999999
2022-03-18 20:25:28,1.2e-05,0.0594,-6.0,158.0,748.0,0.0005009999999999999
2022-03-18 20:26:29,1.1900000000000001e-05,0.0594,-6.0,158.0,749.0,0.0005009999999999999
2022-03-18 20:27:29,1.1900000000000001e-05,0.0594,-6.0,158.0,748.0,0.0005009999999999999
2022-03-18 20:28:30,1.18e-05,0.0594,-6.0,158.0,748.0,0.0005009999999999999
2022-03-18 20:29:30,1.17e-05,0.0594,-6.0,157.0,748.0,0.0005009999999999999
2022-03-18 20:30:31,1.17e-05,0.0594,-6.0,158.0,749.0,0.0005009999999999999
2022-03-18 20:31:31,1.1599999999999999e-05,0.0594,-6.0,158.0,748.0,0.0005009999999999999
2022-03-18 20:32:32,1.1599999999999999e-05,0.0594,-5.0,158.0,748.0,0.0005009999999999999
2022-03-18 20:33:33,1.15e-05,0.0594,-6.0,158.0,748.0,0.0005009999999999999
2022-03-18 20:34:33,1.1400000000000001e-05,0.0593,-6.0,158.0,749.0,0.0005009999999999999
